TIMESTAMP,TA_F_MDS,TA_F_MDS_QC,TA_F_MDS_NIGHT,TA_F_MDS_NIGHT_SD,TA_F_MDS_NIGHT_QC,TA_F_MDS_DAY,TA_F_MDS_DAY_SD,TA_F_MDS_DAY_QC,TA_ERA,TA_ERA_NIGHT,TA_ERA_NIGHT_SD,TA_ERA_DAY,TA_ERA_DAY_SD,TA_F,TA_F_QC,TA_F_NIGHT,TA_F_NIGHT_SD,TA_F_NIGHT_QC,TA_F_DAY,TA_F_DAY_SD,TA_F_DAY_QC,SW_IN_POT,SW_IN_F_MDS,SW_IN_F_MDS_QC,SW_IN_ERA,SW_IN_F,SW_IN_F_QC,LW_IN_F_MDS,LW_IN_F_MDS_QC,LW_IN_ERA,LW_IN_F,LW_IN_F_QC,LW_IN_JSB,LW_IN_JSB_QC,LW_IN_JSB_ERA,LW_IN_JSB_F,LW_IN_JSB_F_QC,VPD_F_MDS,VPD_F_MDS_QC,VPD_ERA,VPD_F,VPD_F_QC,PA_ERA,PA_F,PA_F_QC,P_ERA,P_F,P_F_QC,WS_ERA,WS_F,WS_F_QC,USTAR,USTAR_QC,PPFD_IN,PPFD_IN_QC,PPFD_OUT,PPFD_OUT_QC,SW_DIF,SW_DIF_QC,SW_OUT,SW_OUT_QC,LW_OUT,LW_OUT_QC,CO2_F_MDS,CO2_F_MDS_QC,TS_F_MDS_1,TS_F_MDS_2,TS_F_MDS_3,TS_F_MDS_4,TS_F_MDS_5,TS_F_MDS_6,TS_F_MDS_1_QC,TS_F_MDS_2_QC,TS_F_MDS_3_QC,TS_F_MDS_4_QC,TS_F_MDS_5_QC,TS_F_MDS_6_QC,SWC_F_MDS_1,SWC_F_MDS_2,SWC_F_MDS_3,SWC_F_MDS_4,SWC_F_MDS_5,SWC_F_MDS_1_QC,SWC_F_MDS_2_QC,SWC_F_MDS_3_QC,SWC_F_MDS_4_QC,SWC_F_MDS_5_QC,G_F_MDS,G_F_MDS_QC,LE_F_MDS,LE_F_MDS_QC,LE_CORR,LE_RANDUNC,H_F_MDS,H_F_MDS_QC,H_CORR,H_RANDUNC,EBC_CF_N,EBC_CF_METHOD,NIGHT_D,DAY_D,NIGHT_RANDUNC_N,DAY_RANDUNC_N,NEE_VUT_REF,NEE_VUT_REF_QC,NEE_VUT_REF_RANDUNC,NEE_VUT_REF_JOINTUNC,NEE_VUT_USTAR50,NEE_VUT_USTAR50_QC,NEE_VUT_USTAR50_RANDUNC,NEE_VUT_USTAR50_JOINTUNC,NEE_VUT_MEAN,NEE_VUT_MEAN_QC,NEE_VUT_SE,NEE_VUT_05,NEE_VUT_16,NEE_VUT_25,NEE_VUT_50,NEE_VUT_75,NEE_VUT_84,NEE_VUT_95,NEE_VUT_05_QC,NEE_VUT_16_QC,NEE_VUT_25_QC,NEE_VUT_50_QC,NEE_VUT_75_QC,NEE_VUT_84_QC,NEE_VUT_95_QC,NEE_VUT_REF_NIGHT,NEE_VUT_REF_NIGHT_SD,NEE_VUT_REF_NIGHT_QC,NEE_VUT_REF_NIGHT_RANDUNC,NEE_VUT_REF_NIGHT_JOINTUNC,NEE_VUT_REF_DAY,NEE_VUT_REF_DAY_SD,NEE_VUT_REF_DAY_QC,NEE_VUT_REF_DAY_RANDUNC,NEE_VUT_REF_DAY_JOINTUNC,NEE_VUT_USTAR50_NIGHT,NEE_VUT_USTAR50_NIGHT_SD,NEE_VUT_USTAR50_NIGHT_QC,NEE_VUT_USTAR50_NIGHT_RANDUNC,NEE_VUT_USTAR50_NIGHT_JOINTUNC,NEE_VUT_USTAR50_DAY,NEE_VUT_USTAR50_DAY_SD,NEE_VUT_USTAR50_DAY_QC,NEE_VUT_USTAR50_DAY_RANDUNC,NEE_VUT_USTAR50_DAY_JOINTUNC,NEE_VUT_05_NIGHT,NEE_VUT_16_NIGHT,NEE_VUT_25_NIGHT,NEE_VUT_50_NIGHT,NEE_VUT_75_NIGHT,NEE_VUT_84_NIGHT,NEE_VUT_95_NIGHT,NEE_VUT_05_NIGHT_QC,NEE_VUT_16_NIGHT_QC,NEE_VUT_25_NIGHT_QC,NEE_VUT_50_NIGHT_QC,NEE_VUT_75_NIGHT_QC,NEE_VUT_84_NIGHT_QC,NEE_VUT_95_NIGHT_QC,NEE_VUT_05_DAY,NEE_VUT_16_DAY,NEE_VUT_25_DAY,NEE_VUT_50_DAY,NEE_VUT_75_DAY,NEE_VUT_84_DAY,NEE_VUT_95_DAY,NEE_VUT_05_DAY_QC,NEE_VUT_16_DAY_QC,NEE_VUT_25_DAY_QC,NEE_VUT_50_DAY_QC,NEE_VUT_75_DAY_QC,NEE_VUT_84_DAY_QC,NEE_VUT_95_DAY_QC,RECO_NT_VUT_REF,RECO_NT_VUT_USTAR50,RECO_NT_VUT_MEAN,RECO_NT_VUT_SE,RECO_NT_VUT_05,RECO_NT_VUT_16,RECO_NT_VUT_25,RECO_NT_VUT_50,RECO_NT_VUT_75,RECO_NT_VUT_84,RECO_NT_VUT_95,GPP_NT_VUT_REF,GPP_NT_VUT_USTAR50,GPP_NT_VUT_MEAN,GPP_NT_VUT_SE,GPP_NT_VUT_05,GPP_NT_VUT_16,GPP_NT_VUT_25,GPP_NT_VUT_50,GPP_NT_VUT_75,GPP_NT_VUT_84,GPP_NT_VUT_95,RECO_DT_VUT_REF,RECO_DT_VUT_USTAR50,RECO_DT_VUT_MEAN,RECO_DT_VUT_SE,RECO_DT_VUT_05,RECO_DT_VUT_16,RECO_DT_VUT_25,RECO_DT_VUT_50,RECO_DT_VUT_75,RECO_DT_VUT_84,RECO_DT_VUT_95,GPP_DT_VUT_REF,GPP_DT_VUT_USTAR50,GPP_DT_VUT_MEAN,GPP_DT_VUT_SE,GPP_DT_VUT_05,GPP_DT_VUT_16,GPP_DT_VUT_25,GPP_DT_VUT_50,GPP_DT_VUT_75,GPP_DT_VUT_84,GPP_DT_VUT_95,RECO_SR,RECO_SR_N
201901,2.804,0.942204,2.475,1.047,0.953763,3.37,0.918,0.922939,3.21,2.922,1.034,3.711,0.883,3.021,0.942204,2.668,1.103,0.953763,3.629,0.971,0.922939,99.2179,32.34,0.944892,31.947,31.059,0.944892,310.689,0.942876,317.66,312.794,0.942876,281.381,0.942204,300.632,284.636,0.942204,1.208,0.942204,1.107,1.221,0.942204,101.601,101.557,0.901882,1.838,1.965,0.921371,3.149,3.323,0.870296,-9999,-9999,61.03755263347095,0.9213709677419354,4.821049968916409,0.9213709677419354,21.973991205750586,0.8696236559139785,-2.1893560306843156,0.6021505376344085,342.49555439244665,0.9220430107526881,426.58,0.948253,3.266,3.582,3.787,4.23,5.283,6.83,0.942876,0.942876,0.942876,0.942876,0.942876,0.942876,25.735,26.065,27.239,31.867,-9999,0.942876,0.942876,0.942876,0.942876,-9999,-8.24822,0.942876,0.864668,-9999,-9999,0.175066,-23.3865,-9999,-9999,0.564496,-9999,-9999,30.5161,17.4839,26.1613,17.1935,1.02491,0.776882,0.0343948,0.0438158,1.02491,0.776882,0.0343948,0.0438158,0.989216,0.765306,0.0146776,0.714589,0.970625,1.00345,1.02491,1.02491,1.02491,1.02491,0.734543,0.735215,0.741935,0.776882,0.776882,0.776882,0.776882,1.41286,0.912547,0.872043,0.0421158,0.0449708,0.233902,1.03312,0.615433,0.0536512,0.0553145,1.41286,0.912547,0.872043,0.0421158,0.0449708,0.233902,1.03312,0.615433,0.0536512,0.0553145,1.0124,1.38132,1.38181,1.41286,1.41286,1.41286,1.41286,0.815158,0.816233,0.819355,0.872043,0.872043,0.872043,0.872043,0.0999339,0.206977,0.230503,0.233902,0.233902,0.233902,0.233902,0.59688,0.615433,0.610057,0.615433,0.615433,0.615433,0.615433,0.949408,0.925299,0.951605,0.00184959,0.935278,0.940126,0.942689,0.949408,0.956925,0.96845,0.971354,-0.0763294,-0.0996156,-0.0376107,0.015818,-0.0896363,-0.0847879,-0.0822251,-0.0736927,-0.0582982,-0.0510028,0.253861,0.661072,0.661072,0.661072,3.11433e-07,0.661072,0.661072,0.661072,0.661072,0.661072,0.661072,0.661072,0.199881,0.199881,0.199881,3.51001e-07,0.199881,0.199881,0.199881,0.199881,0.199881,0.199881,0.199881,-9999,-9999
201902,6.612,0.949405,5.441,1.999,0.964286,8.131,2.611,0.928571,6.1,4.882,1.732,7.67,2.512,6.586,0.949405,5.438,1.897,0.964286,8.072,2.577,0.928571,162.796,85.958,0.950893,74.337,85.131,0.950893,315.837,0.949405,318.2,316.618,0.949405,289.375,0.949405,301.216,289.486,0.949405,2.758,0.949405,2.248,2.711,0.949405,102.072,102.079,0.927827,2.582,1.772,0.927827,2.939,2.981,0.919643,0.4682819081807858,0.6584821428571429,162.6670671055063,0.9270833333333333,10.717167105492193,0.9270833333333333,34.65775572103185,0.8802083333333333,-9999,-9999,358.8483990896072,0.9278273809523808,430.86,0.968006,3.847,3.965,3.973,4.033,4.449,5.511,0.953869,0.953869,0.953869,0.953869,0.953869,0.953869,28.585,28.538,31.173,33.634,-9999,0.953869,0.953869,0.953869,0.953869,-9999,-2.2252,0.953869,5.53455,-9999,-9999,0.209241,-6.02706,-9999,-9999,0.510951,-9999,-9999,27.3929,20.6071,27.3929,19.2143,1.21811,0.613095,0.0439477,0.151579,1.23042,0.61756,0.0436446,0.151492,1.25548,0.615867,0.0195742,1.08534,1.13492,1.17725,1.23696,1.25704,1.42506,1.47771,0.619792,0.613095,0.613839,0.613839,0.61756,0.622768,0.61756,1.84376,0.264324,0.693801,0.055858,0.211855,0.326679,1.47047,0.510281,0.0648541,0.0915667,1.84199,0.262932,0.693801,0.0553723,0.211727,0.354753,1.50363,0.519859,0.0646213,0.091402,1.65823,1.74011,1.78749,1.84376,1.85917,2.14883,2.23901,0.705182,0.695076,0.695076,0.693801,0.693801,0.700963,0.693801,0.268229,0.269345,0.306045,0.367241,0.392133,0.398627,0.401143,0.510444,0.508658,0.510281,0.511742,0.519859,0.523106,0.519859,1.54722,1.53193,1.56157,0.00316783,1.53818,1.54427,1.54668,1.55126,1.57462,1.58906,1.59125,0.297143,0.301516,0.306093,0.0179594,0.111347,0.113217,0.277926,0.302791,0.370663,0.43881,0.484053,1.56841,1.49008,1.4579,0.0136722,1.31536,1.31647,1.43536,1.48775,1.5169,1.517,1.56841,0.65103,0.642032,0.6279,0.00489387,0.576442,0.57711,0.623724,0.630572,0.65103,0.658992,0.669039,-9999,-9999
201903,8.296,0.952285,7.236,1.471,0.967742,9.277,1.769,0.935484,8.169,7.206,1.326,9.053,1.665,8.199,0.952285,7.169,1.434,0.967742,9.148,1.786,0.935484,258.973,98.868,0.953629,99.788,102.46,0.953629,338.813,0.952285,336.264,337.474,0.952285,312.67,0.952285,320.725,311.468,0.952285,2.794,0.952285,2.628,2.79,0.952285,101.606,101.661,0.933468,3.022,8.995,0.935484,3.83,4.599,0.933468,0.47447595789503266,0.6505376344086022,194.926126369375,0.9354838709677419,12.383816478497847,0.9354838709677419,62.53941157289241,0.9200268817204301,-9999,-9999,373.18360965394965,0.9348118279569891,416.416,0.999328,7.446,7.459,7.354,7.13,6.897,6.966,1.0,1.0,1.0,1.0,1.0,1.0,28.967,28.498,31.203,34.36,-9999,1.0,1.0,1.0,1.0,-9999,2.12174,1.0,5.49033,-9999,-9999,0.345155,-13.8953,-9999,-9999,0.552249,-9999,-9999,23.7419,24.2581,22.7742,20.3548,2.24516,0.703629,0.0760763,0.0882884,2.25111,0.704973,0.0757311,0.0879911,2.2706,0.710971,0.00918013,2.10884,2.2306,2.24516,2.27916,2.31404,2.3202,2.33995,0.705645,0.706317,0.703629,0.717742,0.717742,0.717742,0.707661,1.77783,0.872337,0.687518,0.0967022,0.174296,2.46407,4.03718,0.712675,0.111772,0.138069,1.75555,0.872143,0.688808,0.096389,0.174123,2.49834,4.00986,0.714078,0.110814,0.137295,1.33171,1.54939,1.6719,1.75716,1.77842,1.83941,1.84438,0.690323,0.687518,0.687518,0.688808,0.692679,0.692679,0.692679,2.46407,2.50433,2.53083,2.53912,2.65459,2.66644,2.68976,0.712675,0.714078,0.733841,0.733841,0.717485,0.717485,0.720119,2.21978,2.18569,2.16917,0.0168181,1.89631,2.05513,2.08642,2.22018,2.23854,2.24743,2.25071,-0.0227534,-0.0654155,-0.101426,0.012038,-0.2503,-0.219839,-0.158267,-0.0708128,-0.0524456,-0.0403277,-0.0170791,1.92574,1.81794,1.87441,0.0183394,1.75793,1.75976,1.81986,1.85109,1.8729,1.92574,2.20505,0.896306,0.886691,0.935101,0.0150732,0.87474,0.874876,0.883121,0.89103,0.920053,0.981052,1.16238,-9999,-9999
201904,10.41,1.0,8.404,1.879,1.0,11.81,3.101,1.0,10.358,8.454,1.761,11.686,2.964,10.41,1.0,8.404,1.879,1.0,11.81,3.101,1.0,363.465,181.594,0.990972,189.723,183.052,0.990972,339.402,0.99375,327.358,339.37,0.99375,315.082,0.990972,311.106,314.811,0.990972,5.139,1.0,4.875,5.139,1.0,101.366,101.377,1.0,1.414,0.365,1.0,2.735,2.998,0.999306,0.4905505462041262,0.6819444444444446,338.7010789515552,0.986111111111111,22.41178315679984,0.9875,83.50369326746063,0.9701388888888889,-9999,-9999,390.13402746336345,0.9875,426.437,0.990278,10.686,10.647,10.493,10.124,9.561,8.99,1.0,1.0,1.0,1.0,1.0,1.0,19.441,21.449,25.517,33.175,-9999,1.0,1.0,1.0,1.0,-9999,3.02776,1.0,20.3836,-9999,-9999,0.539408,27.0123,-9999,-9999,0.580348,-9999,-9999,19.8333,28.1667,12.9667,10.4667,1.08983,0.370833,0.0650308,0.16865,1.17804,0.370833,0.0636251,0.168113,1.04093,0.367118,0.0281375,0.640129,0.83966,0.900569,1.12948,1.14231,1.15088,1.17667,0.302778,0.315278,0.315972,0.397917,0.402083,0.409722,0.354861,2.72507,0.557032,0.426316,0.0471655,0.26525,-0.071279,3.87083,0.338054,0.12665,0.162225,2.78769,0.55831,0.426316,0.0459624,0.265039,0.0282404,3.79114,0.338054,0.124902,0.160864,1.97604,2.30316,2.37412,2.78678,2.81466,2.8252,2.8472,0.345614,0.347368,0.347368,0.426316,0.426316,0.433333,0.433333,-0.295839,-0.199302,-0.135168,-0.0647989,-0.0322607,0.00344755,0.0324737,0.279222,0.294011,0.297383,0.384342,0.392388,0.338054,0.404993,3.5861,3.50664,3.32023,0.0645276,2.44006,2.72236,2.76114,3.50664,3.5861,3.61978,3.64453,2.4587,2.3286,2.2793,0.0388361,1.82488,1.8827,1.97481,2.38752,2.45233,2.47615,2.49455,2.17305,2.23005,2.36568,0.0799865,2.04288,2.10491,2.17305,2.22109,2.2533,2.31209,4.01429,1.47436,1.46455,1.62371,0.0631742,1.41402,1.44344,1.45888,1.47099,1.47758,1.53732,2.7655,-9999,-9999
201905,11.627,1.0,9.613,1.512,1.0,12.652,2.34,1.0,11.576,9.553,1.466,12.613,2.324,11.627,1.0,9.613,1.512,1.0,12.652,2.34,1.0,445.309,204.399,0.995296,210.643,205.8,0.995296,355.649,1.0,344.286,355.649,1.0,331.252,0.995296,329.389,331.106,0.995296,4.406,1.0,4.224,4.406,1.0,101.581,101.592,1.0,1.957,1.297,1.0,2.55,3.006,1.0,0.27054591417297585,0.8279569892473119,387.8588121711803,0.9959677419354838,20.415721123958335,1.0,105.90020545710053,0.9845430107526881,-9999,-9999,395.19211424731185,1.0,426.55,1.0,13.739,13.57,13.299,12.71,11.829,10.953,0.999328,0.999328,0.999328,0.999328,0.999328,0.999328,18.729,20.521,23.1,32.39,-9999,0.999328,0.999328,0.999328,0.999328,-9999,9.14268,0.999328,31.9801,-9999,-9999,0.472095,27.7511,-9999,-9999,0.518749,-9999,-9999,16.2903,31.7097,16.2903,29.4194,0.00370207,0.862903,0.0570423,0.238649,0.105929,0.879032,0.0572918,0.238708,-0.0378471,0.861475,0.0484296,-0.662449,-0.309562,-0.174476,0.0692102,0.132901,0.1539,0.219339,0.726478,0.783602,0.805108,0.897849,0.909946,0.911962,0.922715,3.37948,0.452266,0.895406,0.0433155,0.0979334,-1.65552,4.31249,0.846798,0.0821877,0.353548,3.43669,0.54686,0.927664,0.0461439,0.0992168,-1.53971,4.2177,0.853765,0.081886,0.353478,3.40298,3.41636,3.42515,3.46259,3.52737,3.59203,3.70192,0.947249,0.872636,0.958634,0.956736,0.878329,0.958634,0.983302,-2.79446,-2.18131,-1.95115,-1.58468,-1.51563,-1.49359,-1.46701,0.626727,0.735567,0.77611,0.875522,0.896862,0.885799,0.886807,3.82584,3.95983,3.91435,0.0194853,3.73852,3.81788,3.84706,3.87611,3.95461,4.06257,4.16635,3.79013,3.8539,3.9522,0.0540857,3.60562,3.70307,3.75663,3.85378,4.00772,4.15869,4.36434,3.33974,3.58648,3.53294,0.0537396,3.05105,3.19879,3.29307,3.5582,3.67602,3.72846,4.08469,3.20951,3.06341,3.25579,0.061672,2.79408,2.90334,2.93795,3.1767,3.39128,3.56079,3.91234,-9999,-9999
201906,17.481,1.0,14.919,2.003,1.0,18.646,2.895,1.0,17.53,15.028,1.838,18.667,2.86,17.481,1.0,14.919,2.003,1.0,18.646,2.895,1.0,483.168,235.633,1.0,238.439,235.633,1.0,388.811,1.0,373.272,388.811,1.0,381.311,1.0,360.694,381.311,1.0,6.433,1.0,6.592,6.433,1.0,101.461,101.475,1.0,3.456,2.463,1.0,2.637,2.769,1.0,0.2754163017927144,0.8875,484.28122311937256,0.9944444444444446,22.729841769187498,1.0,107.76136278999384,0.9875,-9999,-9999,428.31618980496455,0.9993055555555556,424.824,1.0,18.186,17.896,17.521,16.673,15.243,13.587,1.0,1.0,1.0,1.0,1.0,1.0,17.986,20.268,20.838,30.923,-9999,1.0,1.0,1.0,1.0,-9999,13.1229,1.0,59.1663,-9999,-9999,0.670922,12.6345,-9999,-9999,0.557899,-9999,-9999,15.0,33.0,14.8667,32.3,-4.37038,0.936111,0.0807349,0.319628,-4.26785,0.94375,0.0820865,0.319972,-4.41008,0.910937,0.0440664,-5.01206,-4.80034,-4.62091,-4.24098,-4.18743,-4.18181,-4.16282,0.729861,0.903472,0.589583,0.9375,0.954167,0.968056,0.952778,5.57509,1.28469,0.922222,0.0798902,0.2276,-8.65996,7.9392,0.942424,0.108486,0.360347,5.78074,1.40059,0.931111,0.0986203,0.23483,-8.60972,7.91961,0.949495,0.106218,0.359671,5.23233,5.27226,5.37947,5.59119,5.67177,5.69849,5.78,0.9,0.871111,0.873333,0.944444,0.933333,0.475556,0.931111,-9.45136,-9.10353,-8.94856,-8.60568,-8.43443,-8.41627,-8.39628,0.811111,0.907071,0.912121,0.944444,0.961616,0.961616,0.971717,7.4435,7.70021,7.14009,0.0799124,6.0583,6.52033,6.87664,7.26553,7.4435,7.50027,7.72008,11.6445,11.9681,11.5502,0.0781652,10.6692,10.9866,11.2906,11.5626,11.7238,11.9632,12.2826,4.61967,4.08689,4.55401,0.100409,3.26533,4.04826,4.2006,4.54961,4.92682,5.21592,5.50928,7.57453,7.42002,7.71424,0.157881,6.42897,6.53776,7.34541,7.57453,8.44094,8.67995,9.07668,-9999,-9999
201907,18.728,0.675403,15.754,1.982,0.741935,20.134,3.102,0.645161,18.518,15.862,1.53,19.776,2.638,18.515,0.675403,15.824,1.696,0.741935,19.792,2.725,0.645161,465.336,240.574,0.679435,224.916,223.693,0.679435,396.906,0.675403,380.884,393.337,0.675403,384.572,0.675403,368.916,382.281,0.675403,7.85,0.675403,7.524,7.509,0.675403,101.543,101.55,0.644489,1.666,1.129,0.644489,2.37,2.307,0.644489,0.2779590895803426,0.6646505376344086,461.9490814014136,0.6424731182795699,19.81872587413817,0.6444892473118279,107.19929745670588,0.6297043010752688,-9999,-9999,438.90305057335024,0.6431451612903226,425.475,0.778898,17.689,17.563,17.358,16.879,16.061,14.716,0.807124,0.807124,0.807124,0.807124,0.807124,0.807124,12.676,14.664,15.027,26.852,-9999,0.807124,0.807124,0.807124,0.807124,-9999,4.75855,0.807124,67.3104,-9999,-9999,0.637664,8.73329,-9999,-9999,0.497973,-9999,-9999,15.3871,32.6129,15.3871,32.2581,-5.41507,0.701613,0.078736,0.220426,-5.4278,0.714382,0.079233,0.220604,-5.50806,0.679402,0.0316227,-5.8255,-5.77877,-5.67382,-5.44919,-5.40696,-5.367,-5.23387,0.50336,0.609543,0.635753,0.733199,0.712366,0.732527,0.74328,6.41813,0.890444,0.711962,0.0630656,0.261928,-10.6998,9.07495,0.696786,0.108926,0.412227,6.22152,0.854719,0.729167,0.0664866,0.262773,-10.6252,8.966,0.70757,0.108222,0.412041,5.85896,5.96316,5.98252,6.22152,6.41778,6.4716,6.92264,0.733333,0.746371,0.74207,0.729167,0.532258,0.709812,0.470296,-11.5687,-11.2215,-11.0913,-10.6233,-10.5086,-10.4263,-10.2144,0.525108,0.620479,0.641954,0.705615,0.728128,0.734024,0.739889,6.62713,7.2361,6.88569,0.0479535,6.60653,6.60966,6.64709,6.74756,7.19883,7.28305,7.38674,12.0533,12.6639,12.3937,0.0675558,11.902,12.0151,12.051,12.3035,12.72,12.7838,13.1634,7.39644,7.59147,6.82485,0.244648,3.41932,4.34055,6.3486,7.15477,7.8412,8.48338,8.61519,13.4899,13.461,13.1569,0.139295,11.1195,12.3088,12.7854,13.4726,13.7002,13.7842,14.1414,-9999,-9999
201908,18.217,1.0,15.653,1.76,1.0,19.825,3.024,1.0,18.385,16.044,1.649,19.85,2.848,18.217,1.0,15.653,1.76,1.0,19.825,3.024,1.0,397.467,186.886,0.981855,190.275,188.786,0.981855,392.501,0.980511,377.757,391.547,0.980511,389.421,0.981855,365.538,388.277,0.981855,6.327,1.0,6.616,6.327,1.0,101.469,101.466,1.0,1.898,1.462,1.0,2.68,2.207,1.0,0.29971212904021877,0.862231182795699,381.33895926250324,0.9650537634408602,16.01506798097778,0.9657258064516129,97.34842391279071,0.9301075268817203,-9999,-9999,428.9573650847124,0.9650537634408602,430.349,0.997984,16.561,16.553,16.457,16.195,15.746,14.838,1.0,1.0,1.0,1.0,1.0,1.0,16.434,17.937,14.95,23.837,-9999,1.0,1.0,1.0,1.0,-9999,2.44847,1.0,66.1433,-9999,-9999,0.620921,-10.7227,-9999,-9999,0.699437,-9999,-9999,18.1935,29.8065,18.1935,29.8065,-3.37112,0.975134,0.0776263,0.143465,-3.403,0.97379,0.0804085,0.144989,-3.44843,0.97038,0.0162313,-3.65614,-3.60103,-3.54254,-3.41467,-3.37145,-3.35973,-3.34532,0.955645,0.957661,0.928763,0.97379,0.983871,0.984543,0.974462,8.22617,0.69968,0.994907,0.0593205,0.376262,-10.2581,10.7264,0.962231,0.119941,0.460428,8.13071,0.721186,0.993209,0.0596781,0.376319,-10.2487,10.7356,0.961036,0.119346,0.460273,7.62652,7.87929,7.91056,8.13071,8.44762,8.6224,8.72005,0.971138,0.993209,0.993209,0.993209,0.993209,0.990137,0.986741,-10.9925,-10.9059,-10.6831,-10.2547,-10.0615,-10.0168,-9.9997,0.934735,0.937953,0.95086,0.9701,0.977968,0.975744,0.975744,9.29772,9.48527,9.40154,0.0393234,8.95828,9.18015,9.21126,9.36315,9.62614,9.65095,9.74381,12.7693,12.8883,12.85,0.0496527,12.4139,12.5665,12.5838,12.7693,13.1886,13.2589,13.3352,8.39437,8.64734,8.69129,0.0887687,7.75972,8.09018,8.27323,8.60834,9.06706,9.45983,9.74324,11.4566,11.4402,11.1777,0.0644146,10.0827,10.762,11.0061,11.3619,11.4163,11.4496,11.5285,-9999,-9999
201909,14.569,0.953472,12.762,1.659,0.969444,16.092,2.337,0.9375,14.825,13.133,1.578,16.251,2.315,14.557,0.953472,12.756,1.655,0.969444,16.075,2.354,0.9375,300.991,127.764,0.938194,120.788,127.432,0.938194,369.481,0.934028,368.323,369.732,0.934028,364.42,0.936111,355.35,363.432,0.936111,3.999,0.953472,4.54,4.032,0.953472,101.746,101.737,0.94375,2.167,2.075,0.933333,2.961,2.453,0.94375,0.3400885866899227,0.8395833333333333,259.67499882832965,0.8986111111111111,11.432069838379629,0.9,70.355569370589,0.8555555555555556,-9999,-9999,404.5531760769635,0.89375,422.905,0.952778,13.63,13.75,13.78,13.793,13.926,13.829,0.953472,0.953472,0.953472,0.953472,0.953472,0.953472,14.43,15.689,14.099,21.664,-9999,0.953472,0.953472,0.953472,0.953472,-9999,-1.0965,0.953472,34.6148,-9999,-9999,0.489459,-15.1838,-9999,-9999,0.5682,-9999,-9999,22.1,25.9,22.1,25.9,-1.37691,0.914583,0.101223,0.364978,-1.41349,0.9125,0.1014,0.365027,-1.51737,0.909184,0.0448907,-2.00516,-1.94715,-1.90819,-1.4162,-1.29404,-1.24583,-1.21684,0.919444,0.91875,0.91875,0.913194,0.909028,0.904861,0.893056,7.15876,1.2206,0.905149,0.0739095,0.847275,-8.555,8.96682,0.921796,0.169305,0.181033,7.02551,1.26818,0.902251,0.0756515,0.847429,-8.51256,8.88487,0.920462,0.169196,0.180931,5.78675,5.90395,5.99173,7.02551,7.48801,7.59204,7.65753,0.913889,0.913889,0.915476,0.902251,0.886968,0.867139,0.871684,-9.16111,-8.62187,-8.59931,-8.52563,-8.5092,-8.49367,-8.48593,0.901703,0.917895,0.919129,0.923524,0.918443,0.923129,0.923129,7.22976,7.22126,7.47265,0.100681,6.74528,6.84117,6.9449,7.23475,8.23581,8.46501,8.56385,8.68156,8.63475,8.99002,0.0757284,8.6044,8.64974,8.66799,8.7516,9.48164,9.66785,9.78291,6.01118,6.34248,5.74842,0.0936688,4.8085,5.07258,5.23814,5.86432,6.27594,6.34269,6.44428,8.8243,8.67625,8.43727,0.0738138,7.80488,7.93931,8.02352,8.47532,8.66414,8.8243,8.99899,-9999,-9999
201910,11.711,1.0,10.958,1.301,1.0,12.617,1.553,1.0,11.818,11.161,1.213,12.608,1.443,11.711,1.0,10.958,1.301,1.0,12.617,1.553,1.0,198.928,74.355,0.997312,67.154,74.617,0.997312,341.15,1.0,361.219,341.15,1.0,349.828,0.997312,347.677,349.878,0.997312,2.159,1.0,2.344,2.159,1.0,101.152,101.135,0.99664,3.522,3.111,0.99664,3.292,2.726,0.99664,0.385554672759255,0.7990591397849464,131.32985870627013,0.9919354838709677,5.381354336158794,0.9939516129032258,50.861862652264584,0.9301075268817205,17.72803988953358,0.5060483870967742,374.96048406297996,0.9939516129032258,419.309,0.995296,11.822,12.015,12.11,12.24,12.625,12.879,0.998656,0.998656,0.998656,0.998656,0.998656,0.998656,24.468,25.427,25.211,25.609,-9999,0.998656,0.998656,0.998656,0.998656,-9999,-3.69667,0.998656,9.86285,-9999,-9999,0.269446,-22.934,-9999,-9999,0.690258,-9999,-9999,25.9355,22.0645,25.9355,22.0645,-0.0805436,0.985215,0.0636888,0.0705643,-0.133217,0.986559,0.0638951,0.0707505,-0.124805,0.980595,0.00427227,-0.170442,-0.153734,-0.147798,-0.127817,-0.103965,-0.0929702,-0.0841885,0.991263,0.991263,0.991263,0.989919,0.985215,0.969086,0.985215,4.53846,0.592077,0.99424,0.0384416,0.109691,-5.4098,6.23645,0.973157,0.126084,0.150453,4.46025,0.624144,0.99424,0.0388402,0.109832,-5.42539,6.21756,0.976382,0.125926,0.150321,4.31123,4.35855,4.39461,4.46509,4.55842,4.56402,4.59715,1.0,1.0,1.0,0.925115,0.966501,0.966501,0.968805,-5.56206,-5.50649,-5.49451,-5.4098,-5.3735,-5.34231,-5.33312,0.965776,0.971544,0.967243,0.973157,0.953435,0.979608,0.979608,4.62908,4.57754,4.64965,0.0113667,4.56601,4.57754,4.58711,4.62923,4.70075,4.74571,4.75733,4.75951,4.71076,4.77445,0.00933104,4.69868,4.71883,4.73498,4.7564,4.80973,4.8368,4.88751,4.21362,4.21259,4.19812,0.0241076,3.96786,4.02343,4.03011,4.20684,4.3268,4.3418,4.3705,4.68772,4.63614,4.62317,0.0124037,4.47823,4.51606,4.52211,4.62762,4.67921,4.69321,4.72788,-9999,-9999
201911,6.239,0.9875,5.726,1.285,1.0,7.036,1.401,0.966667,6.382,5.892,1.068,7.149,1.211,6.294,0.9875,5.726,1.285,1.0,7.184,1.406,0.966667,118.633,46.2,0.988889,39.283,46.934,0.988889,310.338,0.9875,331.132,310.397,0.9875,303.643,0.9875,315.182,303.663,0.9875,1.229,0.9875,1.25,1.241,0.9875,100.197,100.177,0.966667,2.507,1.907,1.0,2.88,2.473,0.966667,0.3509365831998276,0.8624999999999999,81.22243400749281,0.9666666666666667,3.6010003976005747,0.9666666666666667,26.39913282435453,0.9034722222222221,-9999,-9999,347.29174513939836,0.9659722222222221,429.635,1.0,6.653,6.948,7.157,7.581,8.647,10.212,1.0,1.0,1.0,1.0,1.0,1.0,25.391,25.836,26.648,29.647,-9999,1.0,1.0,1.0,1.0,-9999,-8.17943,1.0,2.52144,-9999,-9999,0.129041,-14.0591,-9999,-9999,0.490991,-9999,-9999,29.3667,18.6333,29.3667,18.6333,2.13108,0.991667,0.0313443,0.0501171,2.11191,0.994444,0.0322062,0.0506606,2.09911,0.989323,0.00556469,2.05202,2.06111,2.06585,2.09332,2.13108,2.13932,2.15133,0.996528,0.996528,0.995139,0.995139,0.991667,0.984722,0.992361,2.91546,0.623916,0.995476,0.0362744,0.0732129,0.764563,1.78858,0.985445,0.0549545,0.0579077,2.8682,0.633516,0.99881,0.0362014,0.0731767,0.791072,1.76622,0.987297,0.0560044,0.058905,2.79613,2.80798,2.80985,2.83867,2.89932,2.93517,2.94478,1.0,1.0,1.0,1.0,0.988218,0.99881,0.996429,0.729869,0.751454,0.754396,0.768418,0.780465,0.787967,0.804692,0.985445,0.985445,0.991012,0.985445,0.987297,0.981839,0.985445,3.00855,3.02778,3.04212,0.00782698,2.98479,2.99029,2.99559,3.0242,3.0806,3.08648,3.1232,0.933395,0.915877,0.943013,0.00484452,0.910039,0.922395,0.923594,0.933395,0.943747,0.950773,1.01543,2.82353,2.61008,2.67917,0.0281726,2.40916,2.49453,2.55428,2.67568,2.79407,2.82353,3.02912,0.977163,0.944563,0.978297,0.0136758,0.869791,0.894367,0.904444,0.958089,1.01158,1.09448,1.13169,-9999,-9999
201912,5.755,1.0,5.291,1.365,1.0,6.604,1.125,1.0,5.72,5.341,1.226,6.411,1.008,5.755,1.0,5.291,1.365,1.0,6.604,1.125,1.0,82.7048,28.772,1.0,26.164,28.772,1.0,308.754,1.0,330.014,308.754,1.0,287.427,1.0,313.975,287.427,1.0,1.494,1.0,1.409,1.494,1.0,101.021,101.008,1.0,2.862,2.178,1.0,3.64,3.462,1.0,0.45672518206224205,0.860215053763441,50.796499399213715,1.0,1.9668998366584542,1.0,19.643627802936997,0.9119623655913978,0.7071491087776878,0.6081989247311829,342.4614301075268,1.0,430.606,1.0,4.861,5.112,5.271,5.603,6.492,7.903,1.0,1.0,1.0,1.0,1.0,1.0,27.564,27.996,29.34,33.024,-9999,1.0,1.0,1.0,1.0,-9999,-6.78918,1.0,1.22493,-9999,-9999,0.120784,-19.8073,-9999,-9999,0.429114,-9999,-9999,31.0645,16.9355,31.0645,16.9355,2.26665,0.99664,0.0403005,0.0477112,2.25767,0.989247,0.0406945,0.0480444,2.25032,0.988928,0.00439511,2.21204,2.22165,2.22979,2.24966,2.26483,2.27273,2.30145,0.987231,0.987903,0.986559,0.993952,0.991935,0.990591,0.979167,2.27633,0.910106,1.0,0.0463943,0.0481984,2.01634,1.06476,0.990512,0.0721761,0.106064,2.27689,0.930863,0.988554,0.046205,0.0480162,1.99114,1.07688,0.990512,0.0719063,0.10588,2.24372,2.25123,2.2549,2.26299,2.27448,2.27736,2.2989,1.0,1.0,0.984391,0.984391,0.987513,0.988554,1.0,1.89539,1.91494,1.9455,1.98686,2.02118,2.07038,2.08007,0.994307,0.994307,0.994307,0.990512,0.965844,0.973435,0.958254,2.31726,2.31168,2.33399,0.0145371,2.27061,2.2817,2.28515,2.31534,2.33496,2.34142,2.42563,0.0664025,0.0540022,0.0836724,0.0114974,0.0432963,0.0539007,0.0551715,0.0633713,0.0781787,0.089357,0.131234,2.65505,2.35904,2.35058,0.0271572,2.1475,2.16438,2.22,2.31605,2.3816,2.48639,2.69009,0.161678,0.17768,0.221138,0.0104424,0.139558,0.156475,0.16127,0.185699,0.277194,0.285351,0.321238,-9999,-9999
202001,5.712,0.955645,5.41,1.204,0.967152,6.237,1.071,0.935484,-9999,-9999,-9999,-9999,-9999,5.712,0.955645,5.41,1.204,0.967152,6.237,1.071,0.935484,99.2179,29.227,0.950269,-9999,29.227,0.950269,317.454,0.955645,-9999,317.454,0.955645,308.702,0.948925,-9999,308.702,0.948925,1.232,0.955645,-9999,1.232,0.955645,-9999,-9999,-9999,-9999,-9999,-9999,-9999,-9999,-9999,0.4549283235494616,0.8823924731182796,52.74643820179255,0.918010752688172,2.48234777301037,0.9341397849462366,21.355302293821836,0.9354838709677419,1.6061517840462465,0.5262096774193549,344.84467385057474,0.9354838709677419,426.509,1.0,5.11,5.275,5.351,5.492,6.057,7.139,1.0,1.0,1.0,1.0,1.0,1.0,26.853,27.139,29.106,33.687,50.548,1.0,1.0,1.0,1.0,1.0,-3.92202,1.0,1.81213,-9999,-9999,0.118743,-12.6747,-9999,-9999,0.631359,-9999,-9999,30.5161,17.4839,30.5161,17.4839,1.80787,0.985215,0.0255976,0.0373012,1.7862,0.985215,0.0254675,0.0372121,1.77989,0.987164,0.00420434,1.73035,1.7492,1.75884,1.78507,1.79871,1.80347,1.81316,0.982527,0.974462,0.983871,0.997984,0.997312,0.983871,0.99328,1.93641,0.66397,1.0,0.0269957,0.0397185,1.41478,1.08147,0.960257,0.0485185,0.0530654,1.9074,0.668513,1.0,0.0268656,0.0396302,1.4075,1.072,0.960257,0.0483823,0.0529408,1.85017,1.86044,1.87663,1.90532,1.9152,1.91871,1.93641,1.0,0.989247,0.989247,1.0,1.0,1.0,1.0,1.36797,1.38546,1.39204,1.40584,1.42345,1.42844,1.44596,0.953089,0.949505,0.994624,0.992832,0.992832,0.963841,0.969534,1.87849,1.85746,1.85866,0.00735738,1.79031,1.80662,1.81565,1.85157,1.90197,1.91241,1.91477,0.0594801,0.0712666,0.0787722,0.00599449,0.0057066,0.0439201,0.0551961,0.0674214,0.112447,0.122958,0.136107,1.79984,1.87942,1.91394,0.0144225,1.7545,1.8281,1.85753,1.91287,1.97226,1.98293,2.05417,0.170594,0.169986,0.197111,0.00552146,0.154919,0.157483,0.164552,0.202754,0.222196,0.228392,0.256454,-9999,-9999
202002,6.957,0.942529,6.402,1.465,0.952255,7.702,1.44,0.931034,-9999,-9999,-9999,-9999,-9999,6.957,0.942529,6.402,1.465,0.952255,7.702,1.44,0.931034,164.314,54.529,0.942529,-9999,54.529,0.942529,313.222,0.94181,-9999,313.222,0.94181,309.077,0.94181,-9999,309.077,0.94181,2.202,0.942529,-9999,2.202,0.942529,-9999,-9999,-9999,-9999,-9999,-9999,-9999,-9999,-9999,0.6710300795734062,0.7564655172413793,115.0564464895216,0.9310344827586207,5.412891977467422,0.9310344827586207,34.672115989197536,0.9310344827586207,4.1980290581493085,0.8900862068965517,350.1947986111111,0.9310344827586207,418.724,0.994971,5.787,5.927,5.977,6.035,6.371,7.031,1.0,1.0,1.0,1.0,1.0,1.0,32.526,32.013,33.372,35.085,50.194,1.0,1.0,1.0,1.0,1.0,-2.77279,1.0,5.2766,-9999,-9999,0.213552,-21.9914,-9999,-9999,1.07162,-9999,-9999,27.3448,20.6552,27.3448,20.6552,1.21661,0.971983,0.0321089,0.046439,1.22114,0.971983,0.0323331,0.0465943,1.20611,0.973779,0.0056524,1.10976,1.16361,1.19896,1.22182,1.22938,1.23071,1.23101,0.97773,0.979167,0.978448,0.971264,0.971264,0.971264,0.971264,1.8098,0.747647,0.976601,0.0378727,0.0536971,0.320126,1.42062,0.967555,0.0516167,0.0573775,1.81367,0.761198,0.976601,0.0381416,0.0538871,0.325657,1.42896,0.967555,0.0518941,0.0576272,1.64669,1.7362,1.78357,1.80679,1.80826,1.81233,1.81617,0.98399,0.986453,0.985222,0.976601,0.976601,0.976601,0.976601,0.298601,0.305726,0.315542,0.325751,0.35391,0.355842,0.356092,0.971003,0.971003,0.971003,0.967555,0.965831,0.965831,0.965831,1.84112,1.84438,1.81051,0.00825043,1.66323,1.76797,1.79587,1.83876,1.84152,1.84184,1.84658,0.619304,0.623248,0.604395,0.00292618,0.553468,0.593438,0.59911,0.610451,0.61278,0.617654,0.624614,2.13304,2.21347,2.14349,0.00529049,2.06518,2.121,2.13169,2.1382,2.15513,2.16335,2.21089,0.860494,0.881667,0.854672,0.00227424,0.826547,0.842208,0.843345,0.85477,0.86042,0.860855,0.88081,-9999,-9999
202003,6.808,0.999328,5.581,1.595,1.0,7.963,2.112,0.998534,-9999,-9999,-9999,-9999,-9999,6.808,0.999328,5.581,1.595,1.0,7.963,2.112,0.998534,262.476,136.082,0.973118,-9999,136.082,0.973118,294.411,0.979167,-9999,294.411,0.979167,290.765,0.972446,-9999,290.765,0.972446,3.026,0.999328,-9999,3.026,0.999328,-9999,-9999,-9999,-9999,-9999,-9999,-9999,-9999,-9999,0.40795740470298175,0.8911290322580645,273.19992319955753,0.9341397849462365,16.60761663310345,0.9354838709677419,50.64377476149426,0.9354838709677419,20.184842345498883,0.8413978494623656,351.92617456896556,0.9354838709677419,420.729,0.999328,6.626,6.709,6.712,6.668,6.818,7.292,1.0,1.0,1.0,1.0,1.0,1.0,34.404,32.895,34.301,35.33,50.073,1.0,1.0,1.0,1.0,1.0,-0.259518,1.0,28.4281,-9999,-9999,0.476538,10.8518,-9999,-9999,0.589471,-9999,-9999,23.6129,24.3871,23.6129,24.3871,-0.101425,0.956989,0.0507545,0.0668565,-0.0928004,0.955645,0.0509371,0.0669952,-0.122959,0.957577,0.0065109,-0.21712,-0.172264,-0.143701,-0.113972,-0.0899819,-0.0852286,-0.0779448,0.917339,0.923387,0.91129,0.957661,0.965726,0.956317,0.977823,2.19551,0.722838,0.971722,0.0482837,0.120635,-2.24295,2.67421,0.941794,0.0843723,0.0880674,2.21656,0.717904,0.971722,0.0478058,0.120444,-2.24527,2.69602,0.939362,0.084802,0.0884792,1.93656,1.9731,2.07854,2.17329,2.18502,2.1942,2.21614,0.906862,0.905572,0.960695,0.971722,0.971722,0.982405,0.971722,-2.24679,-2.24379,-2.23854,-2.21815,-2.20109,-2.1933,-2.17289,0.940603,0.943035,0.981911,0.920967,0.958765,0.966118,0.914213,2.44894,2.52056,2.41999,0.0107581,2.31015,2.3403,2.356,2.43483,2.45918,2.51239,2.52394,2.55105,2.61336,2.54295,0.0133813,2.40995,2.44502,2.44925,2.55804,2.61672,2.6325,2.65275,3.68694,2.55252,2.91593,0.093374,2.33768,2.45755,2.49606,2.58464,3.3538,3.7005,4.00745,2.70393,2.37347,2.64403,0.0567833,2.25377,2.32112,2.3575,2.43508,2.97378,3.13108,3.2626,-9999,-9999
202004,11.796,0.996528,9.116,1.976,1.0,13.675,3.417,0.994168,-9999,-9999,-9999,-9999,-9999,11.796,0.996528,9.116,1.976,1.0,13.675,3.417,0.994168,366.646,224.828,0.997917,-9999,224.828,0.997917,304.763,0.997222,-9999,304.763,0.997222,310.481,0.996528,-9999,310.481,0.996528,6.35,0.996528,-9999,6.35,0.996528,-9999,-9999,-9999,-9999,-9999,-9999,-9999,-9999,-9999,0.29972446048740786,0.8951388888888888,463.40241570725686,0.9868055555555556,23.305610294663193,0.9888888888888888,71.8330495857639,0.9888888888888888,56.237605789029935,0.7680555555555557,375.66196736111107,0.9888888888888888,426.067,1.0,10.595,10.483,10.279,9.807,9.188,8.719,0.997222,0.997222,0.997222,0.997222,0.997222,0.997222,19.381,21.535,25.29,33.529,50.012,0.997222,0.997222,0.997222,0.997222,0.997222,6.65124,0.997222,74.2732,-9999,-9999,0.93409,31.1729,-9999,-9999,0.802691,-9999,-9999,19.7333,28.2667,19.6667,28.2333,-3.15695,0.95,0.0852319,0.193944,-3.09913,0.968056,0.0825067,0.192762,-3.09518,0.936736,0.0259907,-3.26218,-3.24412,-3.22337,-3.1437,-3.04227,-2.89569,-2.79181,0.977778,0.976389,0.975,0.941667,0.908333,0.849306,0.846528,5.26532,0.964025,0.949624,0.0467121,0.429574,-8.72331,7.99315,0.950575,0.132177,0.143523,5.20472,0.979229,0.978195,0.0444581,0.429335,-8.58664,7.99436,0.960196,0.131287,0.142703,4.93192,4.98638,5.02841,5.16806,5.52815,5.84043,5.98337,0.984879,0.98137,0.98137,0.98137,0.875815,0.756399,0.739365,-8.73013,-8.7121,-8.69602,-8.64974,-8.6273,-8.60024,-8.58307,0.944828,0.943678,0.982077,0.970072,0.970072,0.9639,0.966369,6.15872,6.20796,6.3807,0.0719808,5.94195,5.98173,6.05569,6.20424,6.57805,7.17451,7.26323,9.3187,9.30709,9.47588,0.0484465,9.20349,9.22737,9.244,9.3187,9.55434,9.93971,10.0783,5.31052,4.99999,5.24469,0.0609081,4.43228,4.85676,4.98373,5.30731,5.45433,5.64657,5.81718,8.799,8.79015,8.9051,0.0447162,8.17104,8.71765,8.78985,8.94151,9.1077,9.17541,9.22001,-9999,-9999
202005,13.558,1.0,10.981,2.096,1.0,14.863,3.254,1.0,-9999,-9999,-9999,-9999,-9999,13.558,1.0,10.981,2.096,1.0,14.863,3.254,1.0,447.345,272.82,1.0,-9999,272.82,1.0,315.415,1.0,-9999,315.415,1.0,322.7,1.0,-9999,322.7,1.0,7.092,1.0,-9999,7.092,1.0,-9999,-9999,-9999,-9999,-9999,-9999,-9999,-9999,-9999,0.3081453963972513,0.9119623655913978,566.5003086337822,0.993279569892473,24.543013342237906,1.0,84.19235147177419,1.0,71.50820356199999,0.7909946236559138,384.5010524193548,1.0,417.635,1.0,12.381,12.28,12.107,11.701,11.115,10.34,1.0,1.0,1.0,1.0,1.0,1.0,15.794,17.525,18.87,29.634,47.904,1.0,1.0,1.0,1.0,1.0,6.05772,1.0,87.8716,-9999,-9999,0.776694,19.3137,-9999,-9999,0.571501,-9999,-9999,16.1935,31.8065,16.1935,31.8065,-7.27759,0.905914,0.0729219,0.0970436,-7.2462,0.927419,0.0724161,0.0966641,-7.29669,0.906233,0.0137478,-7.43118,-7.36255,-7.33782,-7.30919,-7.26409,-7.23449,-7.19634,0.864247,0.873656,0.872984,0.802419,0.946237,0.909274,0.969086,4.72196,0.560243,0.900704,0.0490563,0.132615,-12.9774,10.0217,0.907307,0.10296,0.166826,4.70931,0.556369,0.931056,0.0489657,0.132581,-12.9265,10.1174,0.924743,0.102319,0.166432,4.44237,4.48705,4.53741,4.6721,4.72562,4.73347,4.80145,0.986108,0.949921,0.951818,0.885658,0.90272,0.883523,0.767655,-13.2004,-13.1044,-13.0536,-12.9666,-12.9167,-12.8419,-12.7204,0.859668,0.85349,0.873385,0.928903,0.935147,0.94448,0.959897,5.4234,5.65508,5.51187,0.0396063,5.12649,5.20886,5.25294,5.54131,5.7387,5.77179,5.82105,12.7687,12.9013,12.8086,0.0476589,12.2572,12.4543,12.5581,12.8096,13.0772,13.1073,13.1998,5.15217,5.80131,5.82298,0.109979,4.90398,5.21406,5.3533,5.69172,5.87989,6.30715,7.37512,12.1938,12.1648,12.4819,0.0848993,11.8778,11.9715,12.0674,12.2931,12.7765,12.8816,13.6091,-9999,-9999
202006,16.737,1.0,14.453,1.391,1.0,17.775,2.528,1.0,-9999,-9999,-9999,-9999,-9999,16.737,1.0,14.453,1.391,1.0,17.775,2.528,1.0,483.482,243.633,1.0,-9999,243.633,1.0,351.591,1.0,-9999,351.591,1.0,371.852,1.0,-9999,371.852,1.0,6.297,1.0,-9999,6.297,1.0,-9999,-9999,-9999,-9999,-9999,-9999,-9999,-9999,-9999,0.3490470010492256,0.9076388888888889,523.6182038677358,0.9979166666666667,23.46978472410417,1.0,112.29143688194445,1.0,65.91343197027588,0.7798611111111112,402.0854298611111,1.0,413.7,1.0,15.176,15.07,14.877,14.395,13.535,12.2,1.0,1.0,1.0,1.0,1.0,1.0,15.421,17.095,16.802,25.475,45.726,1.0,1.0,1.0,1.0,1.0,7.62595,1.0,96.0321,-9999,-9999,0.85918,6.25699,-9999,-9999,0.586844,-9999,-9999,15.0,33.0,14.4667,32.9333,-7.05767,0.96875,0.0799439,0.35502,-6.95574,0.974306,0.0817578,0.355433,-7.09675,0.97066,0.0502963,-7.80431,-7.51216,-7.29698,-6.94799,-6.84623,-6.82036,-6.79158,0.913889,0.956944,0.963194,0.973611,0.985417,0.983333,0.988194,5.63776,0.73072,0.946667,0.0573389,0.286162,-12.4551,11.0317,0.978788,0.109789,0.400039,5.8725,0.892957,0.957778,0.0572273,0.28614,-12.419,11.093,0.981818,0.110572,0.400255,5.29785,5.32077,5.48501,5.662,5.86558,5.88149,5.904,0.946667,0.942222,0.951111,0.984444,0.975556,0.957778,0.975556,-13.321,-12.9377,-12.7211,-12.4122,-12.2338,-12.1683,-12.1191,0.914141,0.961616,0.968687,0.980808,0.986869,0.985859,0.989899,6.6954,6.67863,6.50487,0.0421642,5.88782,6.02957,6.47897,6.56359,6.65976,6.71719,6.76444,13.646,13.6344,13.6016,0.0352978,13.2705,13.3648,13.3929,13.55,13.8138,13.859,13.8965,6.55657,6.2792,6.65148,0.0893082,6.0841,6.2685,6.311,6.42448,6.59182,7.34482,7.94391,12.3505,12.3091,12.5746,0.113446,11.5056,12.209,12.314,12.3561,12.5992,13.128,14.1837,-9999,-9999
202007,16.945,1.0,14.92,1.627,1.0,17.923,2.517,1.0,-9999,-9999,-9999,-9999,-9999,16.945,1.0,14.92,1.627,1.0,17.923,2.517,1.0,463.847,218.604,1.0,-9999,218.604,1.0,357.476,1.0,-9999,357.476,1.0,374.752,1.0,-9999,374.752,1.0,5.859,1.0,-9999,5.859,1.0,-9999,-9999,-9999,-9999,-9999,-9999,-9999,-9999,-9999,0.3693312711633762,0.8870967741935483,465.0960922298933,0.9993279569892473,20.996193932258063,1.0,105.01663985887097,1.0,58.34327675322611,0.769489247311828,402.66656854838703,1.0,412.873,1.0,15.408,15.369,15.247,14.922,14.362,13.314,1.0,1.0,1.0,1.0,1.0,1.0,19.145,19.544,18.068,24.568,46.391,1.0,1.0,1.0,1.0,1.0,4.8392,1.0,59.727,-9999,-9999,0.854489,9.84093,-9999,-9999,0.821984,-9999,-9999,15.4194,32.5806,15.4194,32.5806,-4.94152,0.97043,0.115946,0.196712,-4.92545,0.977823,0.116772,0.1972,-4.97021,0.96922,0.0282943,-5.40221,-5.12866,-5.08536,-4.92463,-4.84185,-4.81084,-4.78042,0.911962,0.944892,0.949597,0.977823,0.981855,0.982527,0.983199,5.78327,0.799119,0.965441,0.058375,0.276218,-9.75637,9.22714,0.973452,0.163175,0.38921,5.65867,0.790919,0.969742,0.0588187,0.276312,-9.67419,9.23622,0.98225,0.163429,0.389316,5.52282,5.5528,5.5635,5.66291,5.91352,6.09276,6.15289,0.967963,0.97164,0.965947,0.969742,0.979554,0.899265,0.960318,-10.5672,-10.1771,-10.0515,-9.67298,-9.52341,-9.47036,-9.41562,0.918312,0.945074,0.961692,0.98225,0.987168,0.989186,0.990164,6.25465,6.31288,6.45705,0.0596026,6.00351,6.06703,6.10123,6.27851,6.80723,6.93711,7.09936,11.09,11.2383,11.4273,0.0833146,10.7729,10.9126,10.9657,11.2031,11.9553,12.0728,12.1937,6.91653,5.51201,6.47816,0.281276,5.10231,5.27482,5.33102,5.56442,6.9712,7.68421,11.1216,10.5957,10.3603,10.8634,0.182477,9.95204,10.0137,10.1532,10.2395,11.2812,11.6824,13.7991,-9999,-9999
202008,19.948,1.0,17.808,1.65,1.0,21.234,2.841,1.0,-9999,-9999,-9999,-9999,-9999,19.948,1.0,17.808,1.65,1.0,21.234,2.841,1.0,394.649,192.227,0.995296,-9999,192.227,0.995296,372.68,1.0,-9999,372.68,1.0,402.101,0.995296,-9999,402.101,0.995296,7.652,1.0,-9999,7.652,1.0,-9999,-9999,-9999,-9999,-9999,-9999,-9999,-9999,-9999,0.32874722741025986,0.8682795698924731,401.55454815047364,0.9926075268817204,18.298808972876344,1.0,91.20899719086025,1.0,53.89869308874858,0.6794354838709677,417.74409139784945,1.0,423.305,1.0,17.41,17.329,17.17,16.738,15.931,14.465,1.0,1.0,1.0,1.0,1.0,1.0,13.275,14.378,14.137,22.659,41.673,1.0,1.0,1.0,1.0,1.0,5.41068,1.0,67.12,-9999,-9999,0.833141,-12.0179,-9999,-9999,0.838614,-9999,-9999,18.3226,29.6774,18.3226,29.6774,-3.79597,0.958333,0.108806,0.248991,-3.73994,0.964382,0.110577,0.24977,-3.86338,0.947429,0.0452187,-4.7385,-4.14704,-3.8718,-3.75327,-3.71783,-3.69912,-3.66642,0.802419,0.883065,0.940188,0.990591,0.988575,0.974462,0.981855,5.77999,0.842702,0.939806,0.0565689,0.231017,-9.48022,10.0003,0.968151,0.166013,0.507944,5.74501,0.874526,0.941704,0.0575566,0.231261,-9.37042,9.8269,0.976721,0.168642,0.508809,5.30695,5.53603,5.58759,5.72831,5.94448,5.98399,6.05404,0.991039,0.966371,0.966371,0.941704,0.857674,0.716108,0.919133,-10.9711,-10.1018,-9.72303,-9.41468,-9.23456,-9.14172,-9.12572,0.845147,0.903011,0.942895,0.973458,0.991569,0.990385,0.990313,7.13283,7.33193,6.8307,0.112692,5.54599,5.77151,6.4424,6.72037,7.36089,7.46068,8.08396,10.8655,11.0719,10.6941,0.116861,9.29926,9.93378,10.1594,10.8577,11.1796,11.2878,11.9217,7.23057,6.06722,7.24575,0.304709,5.53057,5.77472,5.97693,6.19562,7.86654,9.10239,11.2324,9.09618,9.00657,9.76754,0.183663,8.60726,8.72184,8.92569,9.19123,10.5679,11.1986,11.9657,-9999,-9999
202009,15.858,0.916667,14.03,1.838,0.934118,17.42,2.919,0.9,-9999,-9999,-9999,-9999,-9999,15.858,0.916667,14.03,1.838,0.934118,17.42,2.919,0.9,297.59,145.582,0.918056,-9999,145.582,0.918056,347.962,0.916667,-9999,347.962,0.916667,367.995,0.916667,-9999,367.995,0.916667,4.858,0.916667,-9999,4.858,0.916667,-9999,-9999,-9999,-9999,-9999,-9999,-9999,-9999,-9999,0.34518434075250776,0.8291666666666665,317.9784440574999,0.9,14.049159844405862,0.9,64.18289139660494,0.9,48.103409736732154,0.5298611111111111,395.4915069444444,0.9,421.152,1.0,14.294,14.338,14.32,14.212,14.107,13.825,0.916667,0.916667,0.916667,0.916667,0.916667,0.916667,13.636,14.666,15.276,21.753,40.36,0.916667,0.916667,0.916667,0.916667,0.916667,0.941962,0.916667,48.6527,-9999,-9999,0.734094,-13.8607,-9999,-9999,0.724575,-9999,-9999,22.2,25.8,22.2,25.8,-3.2253,0.932639,0.0839826,0.213443,-3.19608,0.93125,0.0841429,0.213506,-3.31325,0.930087,0.0283834,-3.64663,-3.56135,-3.52007,-3.21015,-3.17419,-3.1689,-3.15764,0.909722,0.915278,0.921528,0.953472,0.943056,0.938889,0.952778,4.07829,0.767207,0.936873,0.0524719,0.185331,-9.21579,7.75058,0.927704,0.143531,0.551446,4.04632,0.769033,0.936873,0.0529777,0.185475,-9.14058,7.69653,0.925235,0.143802,0.551517,3.76076,3.87395,3.94115,4.04632,4.11721,4.22945,4.26152,0.959878,0.948766,0.947179,0.936873,0.932905,0.928017,0.912288,-10.15,-10.0238,-9.7926,-9.14058,-9.00479,-8.95889,-8.90214,0.895384,0.903559,0.914191,0.925235,0.93166,0.93699,0.939768,4.21802,4.36257,4.27079,0.0422771,3.78307,3.86428,4.12041,4.34462,4.46058,4.48494,4.50939,7.41013,7.55865,7.58404,0.0655662,6.99321,7.02439,7.28711,7.5407,7.95128,8.04603,8.1581,3.65006,2.96623,3.66131,0.068134,2.96623,3.25875,3.48271,3.65006,3.8315,3.93879,3.99947,6.02716,6.03912,6.75819,0.109732,6.02716,6.07205,6.09942,6.5744,7.44996,7.64884,7.81839,-9999,-9999
202010,11.567,1.0,10.831,1.25,1.0,12.436,1.408,1.0,-9999,-9999,-9999,-9999,-9999,11.567,1.0,10.831,1.25,1.0,12.436,1.408,1.0,195.8,66.48,1.0,-9999,66.48,1.0,338.075,1.0,-9999,338.075,1.0,352.309,1.0,-9999,352.309,1.0,2.308,1.0,-9999,2.308,1.0,-9999,-9999,-9999,-9999,-9999,-9999,-9999,-9999,-9999,0.508445599362579,0.8595430107526881,138.84658630621044,0.9993279569892473,6.170527531498656,1.0,49.84759862903226,1.0,12.734569482862872,0.5779569892473119,372.55224978846155,0.9375,424.391,1.0,11.296,11.433,11.509,11.6,11.929,12.339,1.0,1.0,1.0,1.0,1.0,1.0,24.645,26.083,27.365,30.357,51.489,1.0,1.0,1.0,1.0,1.0,-3.46272,1.0,16.8704,-9999,-9999,0.385944,-23.0543,-9999,-9999,0.628704,-9999,-9999,26.0645,21.9355,26.0645,21.9355,0.351649,0.999328,0.0584251,0.105317,0.333257,0.999328,0.0584288,0.105319,0.367191,0.998706,0.0185739,0.276109,0.282117,0.284179,0.333257,0.376301,0.457367,0.653671,1.0,1.0,1.0,0.999328,0.997984,0.997984,0.988575,3.60282,1.0758,1.0,0.0537739,0.184498,-3.37901,4.41619,0.998534,0.105207,0.106089,3.56231,1.06533,1.0,0.0537402,0.184488,-3.37135,4.37675,0.998534,0.105369,0.106249,3.44708,3.46485,3.47829,3.56231,3.66137,3.81782,4.08268,1.0,1.0,1.0,1.0,1.0,1.0,0.990074,-3.40898,-3.38652,-3.37954,-3.37482,-3.36585,-3.35922,-3.35028,0.995601,0.998534,1.0,0.998534,0.998534,1.0,0.992669,3.64777,3.67319,3.78946,0.0493477,3.54867,3.57532,3.58539,3.67827,3.84077,4.02698,4.61235,3.3256,3.33993,3.42226,0.0312208,3.27257,3.29292,3.29873,3.34248,3.45007,3.56961,3.97271,3.11744,3.16508,3.12476,0.0173835,2.93878,3.01544,3.03968,3.12947,3.17805,3.2303,3.30025,3.19833,3.28265,3.25588,0.0091359,3.14573,3.20108,3.21534,3.25218,3.28638,3.32191,3.3449,-9999,-9999
202011,9.178,1.0,8.548,1.576,1.0,10.137,1.75,1.0,-9999,-9999,-9999,-9999,-9999,9.178,1.0,8.548,1.576,1.0,10.137,1.75,1.0,116.669,44.84,1.0,-9999,44.84,1.0,319.517,1.0,-9999,319.517,1.0,325.386,1.0,-9999,325.386,1.0,1.916,1.0,-9999,1.916,1.0,-9999,-9999,-9999,-9999,-9999,-9999,-9999,-9999,-9999,0.4013890535972407,0.8756944444444442,88.35425169249997,1.0,5.119004178111111,1.0,24.70791730555555,1.0,-9999,-9999,359.8654138888889,1.0,443.488,1.0,8.611,8.834,8.997,9.265,9.94,10.845,1.0,1.0,1.0,1.0,1.0,1.0,24.836,25.703,27.306,32.265,53.176,1.0,1.0,1.0,1.0,1.0,-7.51368,1.0,6.541,-9999,-9999,0.195662,-8.24537,-9999,-9999,0.57939,-9999,-9999,29.4667,18.5333,29.4667,18.5,3.05796,0.994444,0.052095,0.0545279,3.07474,0.995139,0.0524085,0.0548275,3.07095,0.991632,0.00299131,3.03424,3.05377,3.05869,3.0722,3.07919,3.08598,3.09737,0.972917,0.995139,0.995139,0.995139,0.995833,0.996528,0.988194,3.23528,0.972435,1.0,0.0599547,0.10405,2.51539,1.79211,0.986296,0.0900444,0.172892,3.25729,1.02088,1.0,0.059687,0.103896,2.52398,1.80157,0.987963,0.0900465,0.172893,3.06823,3.11131,3.16526,3.24955,3.2715,3.28139,3.32224,0.986984,0.991667,0.991667,1.0,1.0,0.99881,0.99881,2.37897,2.43373,2.48625,2.5225,2.70206,2.72892,2.75008,0.991296,0.98963,0.98963,0.987963,0.977593,0.970556,0.972593,3.42262,3.44631,3.41049,0.0161059,3.22,3.29264,3.31653,3.43968,3.49144,3.50385,3.53022,0.362792,0.371576,0.339542,0.0163437,0.160867,0.205541,0.219284,0.367481,0.42176,0.44872,0.455507,3.27738,3.26928,3.19427,0.0214197,3.02141,3.05266,3.08118,3.18436,3.26595,3.32024,3.41374,0.404874,0.403279,0.4517,0.00719497,0.401311,0.404874,0.4091,0.449202,0.482454,0.495845,0.534989,-9999,-9999
202012,5.986,0.979167,5.678,1.074,0.985432,6.547,0.734,0.967742,-9999,-9999,-9999,-9999,-9999,5.986,0.979167,5.678,1.074,0.985432,6.547,0.734,0.967742,82.3899,24.224,0.979839,-9999,24.224,0.979839,313.266,0.977823,-9999,313.266,0.977823,301.003,0.979167,-9999,301.003,0.979167,1.112,0.979167,-9999,1.112,0.979167,-9999,-9999,-9999,-9999,-9999,-9999,-9999,-9999,-9999,0.4615170321352367,0.8924731182795699,47.9771376354762,0.9543010752688172,2.3158182530882936,0.9543010752688172,18.6513615327381,0.9543010752688172,-1.1559741370176564,0.5141129032258064,344.90367351190474,0.9543010752688172,431.745,1.0,5.613,5.852,6.024,6.323,7.158,8.478,0.979167,0.979167,0.979167,0.979167,0.979167,0.979167,28.378,28.975,29.899,33.86,51.707,0.979167,0.979167,0.979167,0.979167,0.979167,-8.20668,0.979167,2.16378,-9999,-9999,0.0892045,-12.7142,-9999,-9999,0.607989,-9999,-9999,31.0645,16.9355,31.0645,16.9355,3.22132,0.979839,0.0627966,0.098912,3.17564,0.979839,0.0624837,0.0987136,3.19585,0.980763,0.0120576,3.12242,3.12573,3.12701,3.17564,3.25943,3.27857,3.31054,0.983199,0.983199,0.982527,0.979839,0.979167,0.979167,0.979167,3.50177,1.53929,0.985432,0.0786202,0.0954923,2.37774,1.43904,0.969639,0.0921173,0.148381,3.45002,1.57165,0.985432,0.0784359,0.0953406,2.34781,1.44954,0.969639,0.091786,0.148175,3.42247,3.42695,3.42837,3.45002,3.52432,3.53535,3.55605,0.985432,0.985432,0.985432,0.985432,0.985432,0.985432,0.985432,2.24465,2.25287,2.25518,2.34781,2.44436,2.48552,2.52004,0.97723,0.97723,0.97723,0.969639,0.967742,0.967742,0.967742,3.38188,3.39968,3.39759,0.00460806,3.3638,3.3745,3.38188,3.39699,3.40188,3.40403,3.41428,0.237234,0.224036,0.201733,0.0120596,0.0805709,0.0965496,0.133547,0.219598,0.272321,0.274737,0.278813,3.10149,3.17274,2.98812,0.0211404,2.83604,2.84282,2.84577,2.94535,3.09062,3.12954,3.18293,0.272908,0.271557,0.260214,0.00343184,0.239324,0.23964,0.239838,0.255945,0.271062,0.283555,0.293442,-9999,-9999
