TIMESTAMP,TA_F_MDS,TA_F_MDS_QC,TA_F_MDS_NIGHT,TA_F_MDS_NIGHT_SD,TA_F_MDS_NIGHT_QC,TA_F_MDS_DAY,TA_F_MDS_DAY_SD,TA_F_MDS_DAY_QC,TA_ERA,TA_ERA_NIGHT,TA_ERA_NIGHT_SD,TA_ERA_DAY,TA_ERA_DAY_SD,TA_F,TA_F_QC,TA_F_NIGHT,TA_F_NIGHT_SD,TA_F_NIGHT_QC,TA_F_DAY,TA_F_DAY_SD,TA_F_DAY_QC,SW_IN_POT,SW_IN_F_MDS,SW_IN_F_MDS_QC,SW_IN_ERA,SW_IN_F,SW_IN_F_QC,LW_IN_F_MDS,LW_IN_F_MDS_QC,LW_IN_ERA,LW_IN_F,LW_IN_F_QC,LW_IN_JSB,LW_IN_JSB_QC,LW_IN_JSB_ERA,LW_IN_JSB_F,LW_IN_JSB_F_QC,VPD_F_MDS,VPD_F_MDS_QC,VPD_ERA,VPD_F,VPD_F_QC,PA_ERA,PA_F,PA_F_QC,P_ERA,P_F,P_F_QC,WS_ERA,WS_F,WS_F_QC,USTAR,USTAR_QC,PPFD_IN,PPFD_IN_QC,CO2_F_MDS,CO2_F_MDS_QC,TS_F_MDS_1,TS_F_MDS_2,TS_F_MDS_3,TS_F_MDS_4,TS_F_MDS_1_QC,TS_F_MDS_2_QC,TS_F_MDS_3_QC,TS_F_MDS_4_QC,SWC_F_MDS_1,SWC_F_MDS_2,SWC_F_MDS_1_QC,SWC_F_MDS_2_QC,G_F_MDS,G_F_MDS_QC,LE_F_MDS,LE_F_MDS_QC,LE_CORR,LE_RANDUNC,H_F_MDS,H_F_MDS_QC,H_CORR,H_RANDUNC,EBC_CF_N,EBC_CF_METHOD,NIGHT_D,DAY_D,NIGHT_RANDUNC_N,DAY_RANDUNC_N,NEE_CUT_REF,NEE_VUT_REF,NEE_CUT_REF_QC,NEE_VUT_REF_QC,NEE_CUT_REF_RANDUNC,NEE_VUT_REF_RANDUNC,NEE_CUT_REF_JOINTUNC,NEE_VUT_REF_JOINTUNC,NEE_CUT_USTAR50,NEE_VUT_USTAR50,NEE_CUT_USTAR50_QC,NEE_VUT_USTAR50_QC,NEE_CUT_USTAR50_RANDUNC,NEE_VUT_USTAR50_RANDUNC,NEE_CUT_USTAR50_JOINTUNC,NEE_VUT_USTAR50_JOINTUNC,NEE_CUT_MEAN,NEE_VUT_MEAN,NEE_CUT_MEAN_QC,NEE_VUT_MEAN_QC,NEE_CUT_SE,NEE_VUT_SE,NEE_CUT_05,NEE_CUT_16,NEE_CUT_25,NEE_CUT_50,NEE_CUT_75,NEE_CUT_84,NEE_CUT_95,NEE_VUT_05,NEE_VUT_16,NEE_VUT_25,NEE_VUT_50,NEE_VUT_75,NEE_VUT_84,NEE_VUT_95,NEE_CUT_05_QC,NEE_CUT_16_QC,NEE_CUT_25_QC,NEE_CUT_50_QC,NEE_CUT_75_QC,NEE_CUT_84_QC,NEE_CUT_95_QC,NEE_VUT_05_QC,NEE_VUT_16_QC,NEE_VUT_25_QC,NEE_VUT_50_QC,NEE_VUT_75_QC,NEE_VUT_84_QC,NEE_VUT_95_QC,NEE_CUT_REF_NIGHT,NEE_VUT_REF_NIGHT,NEE_CUT_REF_NIGHT_SD,NEE_VUT_REF_NIGHT_SD,NEE_CUT_REF_NIGHT_QC,NEE_VUT_REF_NIGHT_QC,NEE_CUT_REF_NIGHT_RANDUNC,NEE_VUT_REF_NIGHT_RANDUNC,NEE_CUT_REF_NIGHT_JOINTUNC,NEE_VUT_REF_NIGHT_JOINTUNC,NEE_CUT_REF_DAY,NEE_VUT_REF_DAY,NEE_CUT_REF_DAY_SD,NEE_VUT_REF_DAY_SD,NEE_CUT_REF_DAY_QC,NEE_VUT_REF_DAY_QC,NEE_CUT_REF_DAY_RANDUNC,NEE_VUT_REF_DAY_RANDUNC,NEE_CUT_REF_DAY_JOINTUNC,NEE_VUT_REF_DAY_JOINTUNC,NEE_CUT_USTAR50_NIGHT,NEE_VUT_USTAR50_NIGHT,NEE_CUT_USTAR50_NIGHT_SD,NEE_VUT_USTAR50_NIGHT_SD,NEE_CUT_USTAR50_NIGHT_QC,NEE_VUT_USTAR50_NIGHT_QC,NEE_CUT_USTAR50_NIGHT_RANDUNC,NEE_VUT_USTAR50_NIGHT_RANDUNC,NEE_CUT_USTAR50_NIGHT_JOINTUNC,NEE_VUT_USTAR50_NIGHT_JOINTUNC,NEE_CUT_USTAR50_DAY,NEE_VUT_USTAR50_DAY,NEE_CUT_USTAR50_DAY_SD,NEE_VUT_USTAR50_DAY_SD,NEE_CUT_USTAR50_DAY_QC,NEE_VUT_USTAR50_DAY_QC,NEE_CUT_USTAR50_DAY_RANDUNC,NEE_VUT_USTAR50_DAY_RANDUNC,NEE_CUT_USTAR50_DAY_JOINTUNC,NEE_VUT_USTAR50_DAY_JOINTUNC,NEE_CUT_05_NIGHT,NEE_CUT_16_NIGHT,NEE_CUT_25_NIGHT,NEE_CUT_50_NIGHT,NEE_CUT_75_NIGHT,NEE_CUT_84_NIGHT,NEE_CUT_95_NIGHT,NEE_VUT_05_NIGHT,NEE_VUT_16_NIGHT,NEE_VUT_25_NIGHT,NEE_VUT_50_NIGHT,NEE_VUT_75_NIGHT,NEE_VUT_84_NIGHT,NEE_VUT_95_NIGHT,NEE_CUT_05_NIGHT_QC,NEE_CUT_16_NIGHT_QC,NEE_CUT_25_NIGHT_QC,NEE_CUT_50_NIGHT_QC,NEE_CUT_75_NIGHT_QC,NEE_CUT_84_NIGHT_QC,NEE_CUT_95_NIGHT_QC,NEE_VUT_05_NIGHT_QC,NEE_VUT_16_NIGHT_QC,NEE_VUT_25_NIGHT_QC,NEE_VUT_50_NIGHT_QC,NEE_VUT_75_NIGHT_QC,NEE_VUT_84_NIGHT_QC,NEE_VUT_95_NIGHT_QC,NEE_CUT_05_DAY,NEE_CUT_16_DAY,NEE_CUT_25_DAY,NEE_CUT_50_DAY,NEE_CUT_75_DAY,NEE_CUT_84_DAY,NEE_CUT_95_DAY,NEE_VUT_05_DAY,NEE_VUT_16_DAY,NEE_VUT_25_DAY,NEE_VUT_50_DAY,NEE_VUT_75_DAY,NEE_VUT_84_DAY,NEE_VUT_95_DAY,NEE_CUT_05_DAY_QC,NEE_CUT_16_DAY_QC,NEE_CUT_25_DAY_QC,NEE_CUT_50_DAY_QC,NEE_CUT_75_DAY_QC,NEE_CUT_84_DAY_QC,NEE_CUT_95_DAY_QC,NEE_VUT_05_DAY_QC,NEE_VUT_16_DAY_QC,NEE_VUT_25_DAY_QC,NEE_VUT_50_DAY_QC,NEE_VUT_75_DAY_QC,NEE_VUT_84_DAY_QC,NEE_VUT_95_DAY_QC,RECO_NT_VUT_REF,RECO_NT_VUT_USTAR50,RECO_NT_VUT_MEAN,RECO_NT_VUT_SE,RECO_NT_VUT_05,RECO_NT_VUT_16,RECO_NT_VUT_25,RECO_NT_VUT_50,RECO_NT_VUT_75,RECO_NT_VUT_84,RECO_NT_VUT_95,RECO_NT_CUT_REF,RECO_NT_CUT_USTAR50,RECO_NT_CUT_MEAN,RECO_NT_CUT_SE,RECO_NT_CUT_05,RECO_NT_CUT_16,RECO_NT_CUT_25,RECO_NT_CUT_50,RECO_NT_CUT_75,RECO_NT_CUT_84,RECO_NT_CUT_95,GPP_NT_VUT_REF,GPP_NT_VUT_USTAR50,GPP_NT_VUT_MEAN,GPP_NT_VUT_SE,GPP_NT_VUT_05,GPP_NT_VUT_16,GPP_NT_VUT_25,GPP_NT_VUT_50,GPP_NT_VUT_75,GPP_NT_VUT_84,GPP_NT_VUT_95,GPP_NT_CUT_REF,GPP_NT_CUT_USTAR50,GPP_NT_CUT_MEAN,GPP_NT_CUT_SE,GPP_NT_CUT_05,GPP_NT_CUT_16,GPP_NT_CUT_25,GPP_NT_CUT_50,GPP_NT_CUT_75,GPP_NT_CUT_84,GPP_NT_CUT_95,RECO_DT_VUT_REF,RECO_DT_VUT_USTAR50,RECO_DT_VUT_MEAN,RECO_DT_VUT_SE,RECO_DT_VUT_05,RECO_DT_VUT_16,RECO_DT_VUT_25,RECO_DT_VUT_50,RECO_DT_VUT_75,RECO_DT_VUT_84,RECO_DT_VUT_95,RECO_DT_CUT_REF,RECO_DT_CUT_USTAR50,RECO_DT_CUT_MEAN,RECO_DT_CUT_SE,RECO_DT_CUT_05,RECO_DT_CUT_16,RECO_DT_CUT_25,RECO_DT_CUT_50,RECO_DT_CUT_75,RECO_DT_CUT_84,RECO_DT_CUT_95,GPP_DT_VUT_REF,GPP_DT_VUT_USTAR50,GPP_DT_VUT_MEAN,GPP_DT_VUT_SE,GPP_DT_VUT_05,GPP_DT_VUT_16,GPP_DT_VUT_25,GPP_DT_VUT_50,GPP_DT_VUT_75,GPP_DT_VUT_84,GPP_DT_VUT_95,GPP_DT_CUT_REF,GPP_DT_CUT_USTAR50,GPP_DT_CUT_MEAN,GPP_DT_CUT_SE,GPP_DT_CUT_05,GPP_DT_CUT_16,GPP_DT_CUT_25,GPP_DT_CUT_50,GPP_DT_CUT_75,GPP_DT_CUT_84,GPP_DT_CUT_95,RECO_SR,RECO_SR_N
201801,-11.536,1.0,-11.567,1.723,1.0,-9999,-9999,-9999,-11.304,-11.321,1.475,-9999,-9999,-11.536,1.0,-11.567,1.723,1.0,-9999,-9999,-9999,3.81357,1.53,1.0,0.858,1.53,1.0,-9999,-9999,240.448,240.448,0.0,175.793,1.0,222.796,175.793,1.0,0.248,1.0,0.09,0.248,1.0,97.307,97.307,0.0,1.242,1.271,1.0,3.186,2.873,0.993952,-9999,-9999,2.922177419354838,1.0,413.474,0.984543,0.157,0.365,0.691,1.124,1.0,1.0,1.0,1.0,19.542,25.698,1.0,1.0,-1.94235,1.0,1.72804,-9999,-9999,0.097021,-19.3123,-9999,-9999,0.580358,-9999,-9999,42.9677,5.03226,40.4194,6.38095,0.78982,0.803757,0.739919,0.739919,0.0140881,0.0141267,0.0343674,0.0351681,0.78755,0.801908,0.739919,0.739919,0.0139585,0.0137192,0.0343145,0.0350065,0.787324,0.798737,0.757107,0.750605,0.0056389,0.00568913,0.720987,0.744563,0.763176,0.78982,0.801908,0.807257,0.843094,0.722589,0.770572,0.78755,0.799926,0.80718,0.834984,0.855686,0.78629,0.778226,0.772849,0.739919,0.739919,0.739247,0.741263,0.78629,0.772849,0.739919,0.739919,0.739247,0.742608,0.733871,0.75885,0.772108,0.147895,0.151539,0.73859,0.73859,0.0144661,0.0145222,0.0343254,0.0346892,0.684211,0.691492,0.0581255,0.0601423,-4760.72,-4760.72,0.0380611,0.0376114,0.0399442,0.0390741,0.756675,0.770337,0.146871,0.150514,0.73859,0.73859,0.0143286,0.0140923,0.0342677,0.0345115,0.683763,0.691186,0.058084,0.0600876,0.709524,0.709524,0.0378591,0.0368952,0.0397518,0.0383851,0.691826,0.714262,0.73354,0.75885,0.770403,0.776518,0.811645,0.693253,0.740592,0.756675,0.768814,0.776465,0.803598,0.824225,0.788481,0.778316,0.771697,0.73859,0.737763,0.737763,0.740182,0.788481,0.771697,0.73859,0.73859,0.737763,0.741795,0.731249,-3225.05,-3225.04,-3225.03,-3225.02,-3225.02,-3225.02,-3225.01,-3225.05,-3225.03,-3225.03,-3225.02,-3225.02,-3225.01,-3225.0,-3225.0,-3225.0,-3225.0,-3225.0,-3225.0,-3225.0,-3225.0,-3225.0,-3225.0,-3225.0,-3225.0,-3225.0,-3225.0,-3225.0,0.801478,0.801478,0.764672,0.0103872,0.590796,0.734311,0.77733,0.789304,0.800499,0.800942,0.801607,0.777412,0.777412,0.741926,0.0124763,0.590796,0.605279,0.734311,0.777412,0.796979,0.800499,0.801883,-0.000430885,-0.000430885,-0.0340648,0.00646838,-0.143349,-0.0670273,-0.041115,-0.0207774,-0.0101435,-0.00187406,-0.000430885,-0.0101381,-0.0101381,-0.0453978,0.00803993,-0.143349,-0.139284,-0.0540786,-0.0283456,-0.0124897,-0.0101381,-0.000993935,0.440255,0.399392,0.663834,0.0568689,0.121604,0.399392,0.420989,0.440629,0.877109,1.07528,1.47357,0.440255,0.420989,0.591773,0.0485017,0.397308,0.399392,0.420989,0.440255,0.801261,0.877109,1.07552,0.0,0.0,0.0175862,0.00307335,0.0,0.0,0.0,0.0,0.0352183,0.0390683,0.0486859,0.0,0.0,0.0117753,0.00279147,0.0,0.0,0.0,0.0,0.0289077,0.0352183,0.0390756,-9999,-9999
201802,-12.127,1.0,-12.522,1.87,1.0,-11.318,1.076,1.0,-12.238,-12.552,1.792,-11.66,1.132,-12.127,1.0,-12.522,1.87,1.0,-11.318,1.076,1.0,45.8398,17.855,0.985119,15.994,17.388,0.985119,-9999,-9999,235.227,235.227,0.0,186.913,0.985119,216.988,187.407,0.985119,0.273,1.0,0.119,0.273,1.0,98.765,98.765,0.0,0.405,0.169,1.0,3.149,3.124,1.0,-9999,-9999,26.893529158040028,0.9918154761904763,412.072,0.88244,-0.025,0.159,0.44,0.821,1.0,1.0,1.0,1.0,17.602,25.271,1.0,1.0,-1.61729,1.0,0.546007,-9999,-9999,0.0329807,-17.9307,-9999,-9999,0.422115,-9999,-9999,32.5,15.5,0.0,0.0,0.674096,0.683782,0.395089,0.394345,-9999,-9999,-9999,-9999,0.674096,0.683677,0.395089,0.394345,-9999,-9999,-9999,-9999,0.62613,0.656604,0.489807,0.445629,0.0144279,0.0120563,0.46693,0.478692,0.534581,0.674096,0.683782,0.688602,0.71023,0.472318,0.535651,0.673304,0.679109,0.688602,0.71023,0.712151,0.6875,0.688988,0.6875,0.395089,0.394345,0.393601,0.393601,0.686756,0.6875,0.395089,0.395089,0.393601,0.393601,0.393601,0.668636,0.680818,0.0867692,0.0889036,0.412446,0.411255,-9999,-9999,-9999,-9999,0.605922,0.610518,0.149616,0.14953,0.350885,0.350885,-9999,-9999,-9999,-9999,0.668636,0.68077,0.0867692,0.0888229,0.412446,0.411255,-9999,-9999,-9999,-9999,0.605922,0.610336,0.149616,0.149692,0.350885,0.350885,-9999,-9999,-9999,-9999,0.404218,0.425323,0.483883,0.668636,0.680818,0.686363,0.717737,0.425323,0.483883,0.668636,0.675202,0.686075,0.717737,0.719289,0.823152,0.821022,0.829548,0.412446,0.411255,0.411255,0.411255,0.821022,0.829548,0.412446,0.412446,0.411255,0.411255,0.411255,0.502082,0.525322,0.561416,0.605731,0.610503,0.611116,0.613958,0.507456,0.564565,0.604494,0.606338,0.611948,0.612454,0.621177,0.447607,0.447607,0.435749,0.350885,0.348901,0.348901,0.348901,0.447607,0.435749,0.350885,0.350885,0.348901,0.348901,0.348901,1.5565,1.5565,1.51666,0.0488504,0.694798,1.37633,1.54041,1.5565,1.66045,1.7239,1.8369,1.54131,1.54131,1.41273,0.0563077,0.682641,0.727604,1.37633,1.54131,1.57721,1.66045,1.79696,0.877392,0.872824,0.860056,0.0380432,0.227869,0.759245,0.866313,0.872824,0.971846,1.01367,1.11837,0.867214,0.867214,0.786601,0.0436287,0.21855,0.260585,0.760464,0.867214,0.895834,0.971846,1.08683,0.429303,0.389456,0.641402,0.0549869,0.107127,0.389456,0.410516,0.429668,0.836952,1.03546,1.43692,0.429303,0.410516,0.57308,0.0468015,0.387424,0.389456,0.410516,0.429303,0.769742,0.836952,1.0357,0.0,0.0,0.172748,0.0298374,0.0,0.0,0.0,0.0,0.366033,0.37994,0.452415,0.0,0.0,0.11594,0.0272658,0.0,0.0,0.0,0.0,0.293375,0.366033,0.379986,-9999,-9999
201803,-9.841,1.0,-11.216,2.081,1.0,-8.472,2.215,1.0,-9.701,-10.934,2.137,-8.488,2.394,-9.841,1.0,-11.216,2.081,1.0,-8.472,2.215,1.0,145.07,70.287,0.971102,73.753,72.557,0.971102,-9999,-9999,215.596,215.596,0.0,200.598,0.971102,195.153,199.553,0.971102,0.63,1.0,0.46,0.63,1.0,97.405,97.405,0.0,0.525,0.608,1.0,2.913,3.068,1.0,-9999,-9999,132.1031524168253,0.9724462365591399,412.974,0.491935,-0.118,0.034,0.274,0.607,1.0,1.0,1.0,1.0,15.418,24.81,1.0,1.0,-1.38649,1.0,3.9276,-9999,-9999,4.94169,15.9585,-9999,-9999,1.50051,-9999,-9999,24.4194,23.5806,0.0,0.0,0.349105,0.33862,0.36828,0.362903,-9999,-9999,-9999,-9999,0.34859,0.339191,0.36828,0.364919,-9999,-9999,-9999,-9999,0.341663,0.342267,0.363323,0.352974,0.00528157,0.00572121,0.309163,0.31739,0.321558,0.339191,0.34859,0.349556,0.38101,0.309163,0.316653,0.322701,0.340881,0.349105,0.350708,0.38101,0.40121,0.0409946,0.394489,0.364919,0.36828,0.359543,0.400538,0.40121,0.0409946,0.297715,0.362231,0.36828,0.359543,0.400538,0.498421,0.513427,0.111482,0.109901,0.46476,0.460938,-9999,-9999,-9999,-9999,0.192128,0.157885,0.696312,0.719273,0.278783,0.27227,-9999,-9999,-9999,-9999,0.498421,0.514451,0.111482,0.109329,0.46476,0.46476,-9999,-9999,-9999,-9999,0.191179,0.15794,0.697694,0.719261,0.278783,0.27227,-9999,-9999,-9999,-9999,0.39136,0.422087,0.461245,0.498421,0.513427,0.523273,0.537622,0.39162,0.461245,0.495796,0.504058,0.523273,0.537622,0.544976,0.50083,0.498524,0.491257,0.46476,0.460938,0.454487,0.45173,0.50083,0.491257,0.46476,0.46476,0.454487,0.45173,0.45173,0.0905803,0.152982,0.15794,0.178357,0.192128,0.20439,0.352697,-0.0770237,0.0958652,0.153172,0.170769,0.191179,0.192128,0.352697,0.155262,0.27227,0.27227,0.300967,0.278783,0.302311,0.302311,0.0785908,0.155262,0.27227,0.27227,0.278783,0.278783,0.302311,0.751175,0.751175,0.762186,0.0381303,0.351265,0.691024,0.740647,0.751175,0.804347,0.844453,0.881876,0.740929,0.740929,0.713522,0.0399935,0.349458,0.375705,0.691051,0.740929,0.761262,0.804347,0.868366,0.420035,0.411985,0.419919,0.0412014,-0.112604,0.356074,0.391995,0.413383,0.450117,0.527914,0.559175,0.392339,0.392339,0.371859,0.0419177,-0.114658,0.0625185,0.356074,0.392339,0.420381,0.450117,0.552299,0.505396,0.45179,0.7354,0.0608327,0.181513,0.449825,0.464027,0.505368,0.983789,1.18299,1.5776,0.505232,0.465337,0.652892,0.0522955,0.440407,0.443622,0.45179,0.505018,0.88601,0.983789,1.18326,0.0436313,0.0486699,0.594554,0.0944198,0.0206608,0.0436313,0.0460625,0.0488623,1.23196,1.2361,1.40589,0.046179,0.0436313,0.410421,0.0870312,0.0,0.0382261,0.0436313,0.046232,1.01071,1.23196,1.3237,-9999,-9999
201804,-0.336,1.0,-2.447,1.401,1.0,0.783,2.385,1.0,-0.071,-1.812,1.468,0.847,2.465,-0.336,1.0,-2.447,1.401,1.0,0.783,2.385,1.0,281.183,129.601,0.995833,135.63,129.096,0.995833,-9999,-9999,257.694,257.694,0.0,249.728,0.995833,241.979,249.839,0.995833,1.715,1.0,1.709,1.715,1.0,97.464,97.464,0.0,1.17,1.255,1.0,2.734,2.938,1.0,-9999,-9999,275.6801452020202,0.9972222222222221,413.272,0.502778,-0.078,0.025,0.222,0.506,1.0,1.0,1.0,1.0,18.036,25.093,1.0,1.0,-1.13437,1.0,9.53645,-9999,-9999,0.40267,35.9554,-9999,-9999,0.66767,-9999,-9999,16.3333,31.6667,2.36667,6.83333,-0.072694,-0.117333,0.115972,0.105556,0.0409044,0.0431147,0.135167,0.161519,-0.00917101,-0.0923647,0.139583,0.105556,0.040886,0.0431095,0.135162,0.161518,-0.0272269,-0.0793018,0.149323,0.130382,0.0218287,0.0236297,-0.263644,-0.145894,-0.132347,-0.072694,0.0646347,0.111765,0.190415,-0.33848,-0.246682,-0.145894,-0.102262,0.059404,0.0646347,0.190415,0.0409722,0.103472,0.103472,0.115972,0.158333,0.181944,0.396528,0.0104167,0.0409722,0.103472,0.107639,0.18125,0.158333,0.396528,0.840384,0.813151,0.0958026,0.126511,0.00769231,0.0,0.0727035,0.072737,0.0742336,0.0756228,-0.504515,-0.558589,1.3219,1.37325,0.173162,0.160181,0.0467151,0.05036,0.201278,0.234459,0.840384,0.87643,0.0958026,0.123388,0.00769231,0.0,0.0727035,0.0727016,0.0742336,0.0755887,-0.407334,-0.55202,1.26648,1.38129,0.209993,0.160181,0.0466881,0.05036,0.201272,0.234459,0.688775,0.814089,0.819373,0.835622,0.840384,0.844078,0.872444,0.686792,0.814089,0.821373,0.836559,0.84082,0.855472,0.87643,0.464815,0.0,0.0025641,0.0,0.00769231,0.0102564,0.0,0.464815,0.0,0.0,0.00512821,0.00769231,0.0,0.0,-0.788754,-0.611937,-0.581674,-0.504515,-0.298577,-0.220374,-0.028404,-1.10493,-0.756551,-0.611937,-0.552152,-0.30041,-0.298577,-0.028404,0.0617876,0.156953,0.156953,0.173162,0.238528,0.27573,0.359313,0.0144086,0.0617876,0.156953,0.160181,0.273508,0.238528,0.359313,1.05457,1.05457,1.09475,0.0476864,0.769766,0.999378,1.03697,1.04754,1.10307,1.14064,1.16775,1.03994,1.03994,1.06858,0.0458058,0.769846,0.981519,0.999395,1.03974,1.0561,1.10307,1.15586,1.14777,1.14693,1.17406,0.0638567,0.56417,0.937811,0.975307,1.14693,1.24806,1.34771,1.4297,1.04911,1.04911,1.09581,0.0612396,0.56414,0.871132,0.936665,1.04911,1.18845,1.24801,1.4195,1.11569,1.02252,1.27798,0.0685825,0.7422,0.901244,0.9547,1.11391,1.62288,1.78847,2.11246,1.11391,0.901244,1.13711,0.0666513,0.435887,0.875858,0.909085,1.02252,1.37045,1.62288,1.78888,0.792768,0.883742,1.33251,0.0953656,0.545291,0.792768,0.803437,0.887203,1.96417,1.97409,2.2064,0.803414,0.792768,1.11531,0.0924322,0.32394,0.716666,0.792768,0.839509,1.64195,1.96415,2.19365,-9999,-9999
201805,8.151,1.0,4.902,-9999,1.0,8.717,3.327,1.0,7.655,4.717,-9999,8.173,3.105,8.151,1.0,4.902,-9999,1.0,8.717,3.327,1.0,410.459,185.471,0.973118,201.178,187.892,0.973118,-9999,-9999,287.988,287.988,0.0,300.461,0.973118,275.674,299.129,0.973118,4.89,1.0,4.771,4.89,1.0,98.434,98.434,0.0,1.109,0.607,1.0,3.489,3.895,1.0,0.6797830393939462,0.6041666666666667,378.51574894797153,0.9469086021505376,411.271,0.991263,2.301,2.162,1.832,1.473,1.0,1.0,1.0,1.0,37.884,39.845,1.0,1.0,3.40717,1.0,31.4433,-9999,-9999,0.352152,65.8608,-9999,-9999,0.821599,-9999,-9999,7.32258,40.6774,7.29032,40.6774,-1.21821,-1.21149,0.956317,0.941532,0.0210226,0.0208251,0.0323884,0.0322067,-1.2257,-1.20984,0.956989,0.94086,0.0210308,0.0207722,0.0323938,0.0321725,-1.22087,-1.214,0.95005,0.945329,0.00388426,0.00394306,-1.2635,-1.24094,-1.23738,-1.22588,-1.20834,-1.19166,-1.18336,-1.26183,-1.23738,-1.23166,-1.21049,-1.19845,-1.18824,-1.18299,0.962366,0.959677,0.959677,0.956989,0.939516,0.925403,0.934812,0.962366,0.959677,0.959005,0.941532,0.933468,0.934812,0.934812,1.63529,1.65334,0.423218,0.453203,0.924731,0.896313,0.0404703,0.0408882,0.0436287,0.0444206,-1.63032,-1.62726,2.34014,2.35096,0.959043,0.950927,0.0227614,0.0225015,0.0340849,0.0316508,1.63681,1.66664,0.422744,0.430199,0.924731,0.891705,0.0404552,0.0404861,0.0436147,0.0440508,-1.63925,-1.62879,2.34518,2.35659,0.959849,0.950927,0.0227721,0.0224617,0.0340921,0.0316224,1.63466,1.63681,1.63681,1.65646,1.66685,1.6694,1.71557,1.63237,1.63681,1.63681,1.65646,1.66925,1.67153,1.71557,0.924731,0.924731,0.924731,0.896313,0.943088,0.891705,0.877685,0.924731,0.924731,0.924731,0.896313,0.940399,0.893625,0.877685,-1.68921,-1.66095,-1.6532,-1.63945,-1.62454,-1.61021,-1.59915,-1.6873,-1.65275,-1.64759,-1.62726,-1.62236,-1.60823,-1.59915,0.962577,0.963831,0.963081,0.959849,0.950927,0.941607,0.94409,0.965445,0.963081,0.963831,0.950927,0.941607,0.927229,0.94409,2.13835,2.13835,2.16435,0.0127848,2.1128,2.12103,2.12301,2.12793,2.15527,2.16067,2.36184,2.12324,2.12324,2.18495,0.0159702,2.1128,2.1188,2.1224,2.12777,2.16067,2.35787,2.36483,3.34819,3.34819,3.37835,0.0149599,3.31046,3.33036,3.33611,3.34363,3.35406,3.36103,3.61735,3.34985,3.34893,3.40582,0.0181235,3.31046,3.32968,3.33768,3.34966,3.38005,3.59069,3.61957,2.08794,2.05106,2.0312,0.016298,1.70221,1.97168,1.99247,2.04461,2.08794,2.11578,2.13416,2.09253,2.04039,2.05809,0.0156941,1.87272,1.97626,2.03859,2.05184,2.10812,2.12716,2.20278,3.38242,3.39154,3.38232,0.0131469,3.20693,3.29176,3.31694,3.39141,3.41958,3.45596,3.51555,3.42743,3.38514,3.40798,0.0130473,3.21015,3.31694,3.37842,3.39908,3.46074,3.51528,3.51894,-9999,-9999
201806,9.126,1.0,-9999,-9999,-9999,9.128,2.425,1.0,9.288,-9999,-9999,9.289,2.116,9.126,1.0,-9999,-9999,-9999,9.128,2.425,1.0,483.419,178.012,0.965972,178.392,180.388,0.965972,-9999,-9999,307.006,307.006,0.0,316.255,0.965972,296.828,315.419,0.965972,4.564,1.0,4.763,4.564,1.0,97.244,97.244,0.0,2.081,1.73,1.0,3.961,4.01,0.999306,0.6846603581550272,0.8201388888888891,368.2491275431331,0.929861111111111,404.035,1.0,6.22,5.882,5.201,4.357,1.0,1.0,1.0,1.0,22.472,28.011,1.0,1.0,4.32084,1.0,52.5491,-9999,-9999,0.62704,77.6039,-9999,-9999,0.865445,-9999,-9999,0.0333333,47.9667,1.0,47.9333,-2.19969,-2.20591,0.988194,0.979167,0.0310201,0.0300383,0.0343432,0.0325349,-2.20061,-2.20882,0.988194,0.979167,0.0312587,0.0298465,0.0345588,0.032358,-2.20428,-2.19986,0.982674,0.979983,0.00244081,0.00253547,-2.2256,-2.22315,-2.21554,-2.2051,-2.19712,-2.19368,-2.17252,-2.22432,-2.21339,-2.21131,-2.20298,-2.19534,-2.18839,-2.16876,0.988889,0.988194,0.988889,0.969444,0.988194,0.988194,0.967361,0.988194,0.988889,0.979167,0.988194,0.988194,0.975,0.967361,1.82823,1.82823,0.0,0.0,-289970.0,-289970.0,0.755489,0.742108,0.755489,0.742108,-2.12236,-2.12838,3.65151,3.65666,0.988194,0.979167,0.0299086,0.0289618,0.0331077,0.0313702,1.82823,1.82823,0.0,0.0,1.0,1.0,0.761799,0.710508,0.761799,0.710508,-2.12324,-2.13117,3.65916,3.66145,0.988194,0.979167,0.0301386,0.0287773,0.0333156,0.0311999,-9665.64,-9665.64,-9665.64,-9665.64,-9665.64,-9665.64,-9665.64,-9665.64,-9665.64,-9665.64,-9665.64,-9665.64,-9665.64,-9665.64,-9665.67,-9665.67,-9665.67,-9665.67,-9665.67,-9665.67,-9665.67,-9665.67,-9665.67,-9665.67,-9665.67,-9665.67,-9665.67,-9665.67,-2.14733,-2.14497,-2.13765,-2.1277,-2.11989,-2.11657,-2.09631,-2.14609,-2.13561,-2.13358,-2.12553,-2.11817,-2.1115,-2.09269,0.988889,0.988194,0.988889,0.969444,0.988194,0.988194,0.967361,0.988194,0.968056,0.979167,0.988194,0.988194,0.975,0.967361,2.97936,2.97936,3.03212,0.0337068,2.88398,2.91337,2.93267,2.96755,2.99115,2.99202,3.59071,2.99202,2.99202,3.09106,0.0421294,2.87878,2.90397,2.93349,2.9691,2.99202,3.55438,3.59127,5.19272,5.18818,5.23198,0.0350738,5.09444,5.101,5.10623,5.16817,5.19084,5.19677,5.81381,5.17594,5.19262,5.29534,0.0436451,5.08742,5.10119,5.11712,5.16994,5.19346,5.77887,5.81119,3.50317,3.41442,3.39872,0.0273614,3.05366,3.13742,3.31667,3.4664,3.50317,3.57725,3.60223,3.63778,3.62456,3.42221,0.0265714,3.07515,3.14102,3.32805,3.47392,3.53056,3.57605,3.59528,5.84858,5.74434,5.72325,0.0174538,5.52288,5.56478,5.6298,5.74259,5.81795,5.83985,5.84858,5.81585,5.85807,5.72809,0.0167149,5.52065,5.58097,5.63435,5.7478,5.81585,5.83505,5.84858,-9999,-9999
201807,18.784,1.0,-9999,-9999,-9999,19.062,3.48,1.0,17.876,-9999,-9999,18.128,3.285,18.784,1.0,-9999,-9999,-9999,19.062,3.48,1.0,449.71,231.163,0.990591,213.91,231.476,0.990591,-9999,-9999,343.253,343.253,0.0,376.608,0.990591,337.146,376.14,0.990591,9.815,1.0,9.316,9.815,1.0,98.217,98.217,0.0,1.452,0.908,1.0,2.752,3.035,1.0,0.491253158742577,0.6310483870967744,492.8689247163269,0.9838709677419355,398.537,1.0,11.445,10.747,9.41,7.815,1.0,1.0,1.0,1.0,15.958,26.452,1.0,1.0,7.80702,1.0,70.7947,-9999,-9999,0.567357,82.6297,-9999,-9999,0.714824,-9999,-9999,3.03226,44.9677,4.57895,44.8065,-1.51273,-1.50389,0.80578,0.770161,0.0383452,0.0373405,0.0788058,0.0804714,-1.49647,-1.50365,0.806452,0.775538,0.0383079,0.03746,0.0787876,0.0805269,-1.44691,-1.4634,0.78713,0.756972,0.0110039,0.0108622,-1.53615,-1.5242,-1.51273,-1.4477,-1.3956,-1.3865,-1.3622,-1.55628,-1.52956,-1.51282,-1.4906,-1.40789,-1.387,-1.3548,0.755376,0.678091,0.80578,0.87836,0.822581,0.858199,0.633737,0.768145,0.702285,0.90793,0.806452,0.859543,0.824597,0.633737,5.06328,5.20287,0.672518,0.843111,-6314.75,-6314.85,0.125455,0.122663,0.227567,0.319733,-1.93321,-1.9251,4.45834,4.50662,0.82489,0.792827,0.0384714,0.0374586,0.085523,0.0817432,5.06353,5.20287,0.673182,0.843111,0.407895,0.309211,0.125401,0.121975,0.227537,0.31947,-1.91632,-1.92535,4.44923,4.52236,0.825763,0.798227,0.0384331,0.0375923,0.0855058,0.0818046,-3867.78,-3867.64,-3867.62,-3867.47,-3867.39,-3867.26,-3866.98,-3867.79,-3867.62,-3867.47,-3867.42,-3867.26,-3867.03,-3866.98,-3870.13,-3870.16,-3870.16,-3870.33,-3870.39,-3870.43,-3870.46,-3870.1,-3870.13,-3870.33,-3870.39,-3870.43,-3870.43,-3870.46,-1.95493,-1.94658,-1.93482,-1.87024,-1.81253,-1.79382,-1.77365,-1.97559,-1.95374,-1.937,-1.92259,-1.82688,-1.80843,-1.78447,0.724073,0.816307,0.822106,0.831679,0.864666,0.862729,0.865586,0.790513,0.776117,0.699981,0.824995,0.882031,0.840224,0.581197,6.45971,6.45971,6.35942,0.0311716,5.86072,6.12148,6.26229,6.43775,6.49172,6.52616,6.55846,6.48944,6.48944,6.29274,0.0346022,5.86072,6.10553,6.12473,6.31993,6.46568,6.49166,6.55486,7.96999,7.96336,7.82282,0.0350219,7.24772,7.56056,7.74051,7.908,7.98004,7.9953,8.01845,7.90683,7.98591,7.73964,0.0404635,7.24388,7.52772,7.55848,7.77726,7.96881,7.99105,8.00522,6.45668,6.49426,6.1022,0.0955511,4.98534,5.50587,5.6554,6.16611,6.45668,6.84327,6.9089,5.88958,5.99279,6.15988,0.110962,5.02745,5.60279,5.80929,5.98853,6.42556,6.87133,6.89598,7.25363,7.62441,7.40332,0.0728823,6.55668,6.94013,7.03245,7.53776,7.71549,7.82454,8.04925,7.17972,7.31047,7.44107,0.0832947,6.61729,7.01884,7.05733,7.36526,7.76598,7.85218,8.05389,-9999,-9999
201808,12.07,1.0,10.007,1.46,1.0,12.847,2.325,1.0,11.947,10.064,1.302,12.65,2.226,12.07,1.0,10.007,1.46,1.0,12.847,2.325,1.0,335.153,131.305,1.0,118.53,131.305,1.0,-9999,-9999,329.424,329.424,0.0,347.522,1.0,321.763,347.522,1.0,3.38,1.0,3.379,3.38,1.0,97.249,97.249,0.0,4.246,4.045,1.0,3.479,3.499,1.0,0.5835103303454191,0.5241935483870968,285.1515772184258,0.9979838709677419,395.623,0.981855,10.644,10.442,9.947,9.205,1.0,1.0,1.0,1.0,13.526,28.45,1.0,1.0,2.58246,1.0,54.5125,-9999,-9999,0.654726,31.4651,-9999,-9999,0.652351,-9999,-9999,12.871,35.129,12.871,34.8387,0.110765,0.123698,0.942876,0.936156,0.0336292,0.0327539,0.0521783,0.0564466,0.125452,0.112278,0.946909,0.936828,0.0335739,0.0331325,0.0521427,0.0566671,0.114354,0.129748,0.941364,0.935333,0.00967443,0.010504,0.0238606,0.0709525,0.0846815,0.105974,0.131586,0.150744,0.211818,0.0201052,0.0846815,0.103534,0.122593,0.151596,0.176625,0.268394,0.959005,0.956989,0.946909,0.936828,0.924731,0.921371,0.912634,0.959005,0.946909,0.942204,0.94422,0.926075,0.920699,0.909274,5.16495,5.18182,0.468934,0.468452,0.997312,0.994086,0.0443877,0.0448375,0.127542,0.137921,-1.72198,-1.70979,4.76689,4.7787,0.920111,0.911509,0.0412382,0.0399292,0.0446976,0.044347,5.17691,5.18182,0.47702,0.468452,0.997312,0.994086,0.044387,0.0448375,0.127542,0.137921,-1.70847,-1.72426,4.76039,4.77313,0.925841,0.912487,0.0411598,0.0404698,0.0446253,0.0448343,5.00233,5.03927,5.09193,5.16495,5.18182,5.27841,5.35499,4.98172,5.09193,5.10625,5.17691,5.28614,5.35279,5.41763,0.997312,0.997312,0.997312,0.997312,0.994086,0.994086,0.994086,0.997312,0.997312,0.997312,0.997312,0.994086,0.994086,0.996774,-1.79004,-1.73944,-1.73563,-1.72603,-1.70891,-1.70496,-1.66593,-1.79119,-1.73563,-1.73226,-1.71745,-1.70493,-1.69703,-1.61765,0.943512,0.940579,0.925841,0.925841,0.891481,0.925841,0.880194,0.943512,0.925841,0.920111,0.897183,0.890876,0.922816,0.874848,5.95536,5.95536,5.95523,0.0188226,5.73199,5.83182,5.8974,5.95536,6.05217,6.08008,6.11127,5.92207,5.92207,5.91699,0.0171668,5.75667,5.7922,5.83182,5.91015,5.9699,6.05217,6.09786,5.84938,5.84308,5.82548,0.0103717,5.71153,5.73334,5.78721,5.83358,5.86661,5.89879,5.91864,5.78423,5.79662,5.80264,0.0096122,5.71033,5.73334,5.75144,5.79337,5.83541,5.86611,5.91471,5.52976,5.82465,5.82567,0.045955,5.43914,5.53233,5.60718,5.81374,5.83375,6.00303,6.44215,5.56591,5.75519,5.74573,0.0408581,5.45199,5.52976,5.56334,5.74575,5.82027,5.8346,6.33338,5.67816,5.73327,5.76938,0.0389625,5.4618,5.52296,5.60193,5.73633,5.8037,6.02314,6.35607,5.5494,5.68612,5.69997,0.0344844,5.46695,5.52694,5.54375,5.67816,5.76243,5.8037,6.03689,-9999,-9999
201809,6.801,1.0,5.374,1.398,1.0,7.858,2.057,1.0,6.94,5.553,1.552,7.976,2.246,6.801,1.0,5.374,1.398,1.0,7.858,2.057,1.0,199.032,76.213,1.0,69.526,76.213,1.0,-9999,-9999,304.856,304.856,0.0,310.85,1.0,294.437,310.85,1.0,1.813,1.0,2.128,1.813,1.0,96.958,96.958,0.0,2.475,2.28,1.0,3.458,3.522,1.0,0.47538591275536146,0.5826388888888888,166.38939864066197,0.9986111111111111,398.051,0.997917,7.45,7.554,7.677,7.71,1.0,1.0,1.0,1.0,12.974,27.736,1.0,1.0,-1.06215,1.0,27.6672,-9999,-9999,0.481179,7.47254,-9999,-9999,0.605025,-9999,-9999,20.9667,27.0333,20.9667,27.0333,0.88161,0.903527,0.93125,0.922222,0.0257601,0.0257228,0.0978301,0.101313,0.848357,0.903191,0.936806,0.923611,0.0262814,0.0255603,0.0979686,0.101272,0.868109,0.899085,0.933177,0.924826,0.0142966,0.0144732,0.70156,0.770985,0.809738,0.853283,0.93738,0.95974,1.00889,0.70156,0.812683,0.848357,0.901775,0.95974,1.00867,1.01977,0.969444,0.961806,0.947917,0.936806,0.91875,0.911806,0.892361,0.969444,0.945833,0.936806,0.928472,0.911806,0.883333,0.890278,3.33867,3.35087,0.384264,0.360946,0.940593,0.938741,0.0278511,0.028217,0.0821195,0.0796958,-0.960653,-0.932715,2.81573,2.79264,0.919929,0.905444,0.0384207,0.0381861,0.115333,0.108311,3.33726,3.35427,0.384814,0.361896,0.940593,0.938741,0.028042,0.0279697,0.0821845,0.0796086,-1.01778,-0.93578,2.8527,2.78165,0.930006,0.907704,0.0393592,0.0379754,0.115649,0.108237,3.16587,3.24835,3.29109,3.33726,3.36737,3.40285,3.44717,3.16587,3.29109,3.33475,3.35087,3.39455,3.44015,3.45323,0.98878,0.984127,0.959958,0.940593,0.938741,0.918337,0.913984,0.98878,0.959958,0.940593,0.938741,0.920297,0.915836,0.911914,-1.14274,-1.08157,-1.04872,-1.00761,-0.891202,-0.864076,-0.820096,-1.14274,-1.04683,-1.01778,-0.932715,-0.864076,-0.844117,-0.808592,0.950028,0.942499,0.935676,0.930006,0.899611,0.89427,0.861457,0.950028,0.93355,0.930006,0.905444,0.89427,0.85357,0.865312,3.5991,3.5991,3.58516,0.00379649,3.52544,3.56827,3.57471,3.58958,3.5991,3.60603,3.61004,3.59027,3.59027,3.58046,0.0037115,3.52544,3.55072,3.56744,3.58602,3.59651,3.59993,3.60967,2.69616,2.69591,2.68608,0.0114514,2.588,2.59417,2.60625,2.68554,2.7412,2.75923,2.82375,2.74073,2.74191,2.71235,0.0112449,2.58965,2.60685,2.65063,2.72992,2.76234,2.77271,2.82375,3.70962,3.81441,3.69416,0.0323222,3.35614,3.44155,3.57773,3.67402,3.78751,3.92643,4.04912,3.44119,3.62844,3.67548,0.0336766,3.35614,3.39865,3.52496,3.68268,3.77776,3.92006,4.03751,2.96313,3.1231,3.02061,0.0189422,2.82051,2.87675,2.95542,2.99892,3.09017,3.12595,3.25175,3.07024,3.02045,3.01926,0.0202192,2.82233,2.86736,2.89383,2.99892,3.0921,3.13847,3.25175,-9999,-9999
201810,-0.51,1.0,-1.096,1.269,1.0,0.345,1.055,1.0,-0.59,-1.285,1.642,0.421,1.503,-0.51,1.0,-1.096,1.269,1.0,0.345,1.055,1.0,81.3227,25.75,1.0,27.017,25.75,1.0,-9999,-9999,264.806,264.806,0.0,265.19,1.0,249.89,265.19,1.0,0.535,1.0,0.585,0.535,1.0,97.106,97.106,0.0,1.15,0.991,1.0,3.027,3.244,1.0,0.47703761350195123,0.5786290322580645,58.617742246327076,0.9973118279569891,405.758,1.0,2.873,3.229,3.873,4.598,1.0,1.0,1.0,1.0,13.489,27.749,1.0,1.0,-4.16307,1.0,6.49053,-9999,-9999,0.223101,-17.2772,-9999,-9999,0.563614,-9999,-9999,28.871,19.129,28.871,19.129,0.698603,0.696877,0.956989,0.956989,0.0193837,0.0195875,0.0369815,0.0361195,0.729135,0.70042,0.958333,0.956989,0.0194334,0.0194566,0.0370076,0.0360486,0.723914,0.713441,0.948975,0.936307,0.00473367,0.00458633,0.676713,0.693227,0.69851,0.725902,0.75364,0.756216,0.767581,0.65565,0.692918,0.696877,0.703756,0.731016,0.753612,0.761456,0.880376,0.956989,0.956989,0.956989,0.989247,0.987903,0.968414,0.882392,0.956989,0.956989,0.889113,0.958333,0.989247,0.987903,1.11494,1.10763,0.304381,0.297858,0.966528,0.966528,0.0235955,0.0240143,0.0470321,0.0480109,0.0818062,0.084572,0.813244,0.807196,0.939592,0.939592,0.0304738,0.0304906,0.0396479,0.0424959,1.15405,1.11514,0.310687,0.299443,0.966528,0.966528,0.0236535,0.0238482,0.0470613,0.047928,0.0960584,0.0820378,0.819167,0.809676,0.943193,0.939592,0.0305564,0.0302969,0.0397114,0.0423571,1.08437,1.0986,1.11132,1.15294,1.17679,1.17997,1.18626,1.07931,1.08811,1.10086,1.11484,1.15461,1.17125,1.18733,0.883574,0.919669,0.919669,0.966528,0.966528,0.995699,0.995699,0.887769,0.883574,0.919669,0.919669,0.966528,0.966528,1.0,0.00761584,0.0726672,0.0818062,0.107633,0.118272,0.123394,0.144246,-0.00405169,0.0576754,0.0779329,0.0960584,0.112724,0.116878,0.128676,0.866435,0.939592,0.939592,0.943193,0.97806,0.97806,0.972368,0.874144,0.906385,0.939592,0.943193,0.976163,0.901416,0.97806,1.2773,1.2773,1.31667,0.0125305,1.24177,1.25744,1.26525,1.27596,1.34254,1.45149,1.46812,1.26367,1.26367,1.31206,0.011789,1.24178,1.25751,1.26367,1.27596,1.33947,1.34937,1.46839,0.575735,0.576881,0.60323,0.0148135,0.514596,0.53453,0.545177,0.561843,0.583975,0.766674,0.772198,0.53453,0.53453,0.588145,0.0136019,0.511684,0.518374,0.536207,0.560403,0.583975,0.591422,0.776413,1.37028,1.51415,1.28152,0.0322213,0.800943,1.058,1.11026,1.33248,1.43174,1.44688,1.51819,1.39461,1.39763,1.30806,0.0270503,1.03703,1.10219,1.15842,1.36237,1.4163,1.44549,1.46899,0.68821,0.728651,0.678645,0.0139395,0.537791,0.576877,0.624519,0.674455,0.714524,0.75919,0.814131,0.649811,0.662138,0.647921,0.0132349,0.532592,0.554413,0.576499,0.645327,0.691897,0.703357,0.755721,-9999,-9999
201811,-1.252,1.0,-1.335,1.044,1.0,-0.916,0.552,1.0,-1.136,-1.194,1.241,-0.946,0.39,-1.252,1.0,-1.335,1.044,1.0,-0.916,0.552,1.0,13.64,3.093,1.0,2.429,3.093,1.0,-9999,-9999,277.565,277.565,0.0,247.479,1.0,264.081,247.479,1.0,0.458,1.0,0.455,0.458,1.0,97.982,97.982,0.0,1.138,0.883,1.0,3.849,3.934,1.0,-9999,-9999,8.182500000000001,1.0,414.594,0.96875,0.839,1.162,1.766,2.501,1.0,1.0,1.0,1.0,13.357,28.023,1.0,1.0,-3.77333,1.0,4.28266,-9999,-9999,0.185975,-23.3374,-9999,-9999,0.64377,-9999,-9999,38.0333,9.96667,38.0333,9.96667,0.641763,0.616537,0.948611,0.95,0.0231623,0.0237002,0.0367233,0.0337797,0.646881,0.626631,0.947917,0.95,0.0232316,0.0235045,0.036767,0.0336426,0.642281,0.635316,0.946406,0.945174,0.00434031,0.00419983,0.591319,0.608713,0.618626,0.645069,0.663517,0.665708,0.676358,0.591319,0.607803,0.616537,0.638178,0.649406,0.655944,0.676358,0.948611,0.879167,0.939583,0.947917,0.949306,0.948611,0.958333,0.948611,0.879167,0.95,0.95,0.947917,0.948611,0.958333,0.672728,0.649419,0.315198,0.332701,0.948759,0.950365,0.0250846,0.0257485,0.0362017,0.0362045,0.451622,0.41973,0.323514,0.325033,0.947619,0.947619,0.04891,0.0494335,0.0581474,0.0580204,0.676222,0.659027,0.313379,0.333351,0.947966,0.950365,0.0251496,0.0255259,0.0362467,0.0360465,0.459125,0.43127,0.32094,0.328163,0.947619,0.947619,0.0491311,0.0491007,0.0583335,0.0577371,0.62237,0.640375,0.649419,0.676,0.691464,0.69258,0.701644,0.62237,0.631834,0.646079,0.668907,0.677414,0.682737,0.701644,0.948778,0.950365,0.950365,0.947966,0.948759,0.948759,0.956909,0.948778,0.948003,0.933919,0.950365,0.948759,0.948759,0.956909,0.40706,0.416916,0.442584,0.461136,0.478692,0.479811,0.49743,0.40706,0.417915,0.420199,0.448656,0.468264,0.478667,0.49743,0.947619,0.947619,0.904286,0.947619,0.952381,0.947619,0.966667,0.947619,0.947619,0.947619,0.906667,0.947619,0.952381,0.966667,0.61051,0.607007,0.603615,0.0089791,0.485821,0.53365,0.57269,0.602497,0.643775,0.653819,0.67303,0.641427,0.641427,0.622138,0.00825134,0.514543,0.572318,0.580393,0.641427,0.658624,0.664945,0.67303,-0.0170384,-0.0196242,-0.0317011,0.00688504,-0.144757,-0.0962503,-0.070261,-0.0113801,-0.00377093,-0.00315026,0.00313336,-0.00797828,-0.00545334,-0.0201432,0.00569364,-0.102213,-0.0751182,-0.015642,-0.00755459,-0.0023223,0.00142794,0.00313336,0.528901,0.441311,0.794326,0.0556226,0.260941,0.280213,0.424107,0.939493,1.02365,1.16802,1.22036,0.916191,1.02007,0.829806,0.0471783,0.278454,0.416261,0.528901,0.922203,1.01308,1.0627,1.20394,0.212555,0.0289668,0.171889,0.018855,0.0278774,0.0361971,0.0463782,0.175329,0.233762,0.250796,0.399909,0.0695496,0.211374,0.166657,0.0155684,0.0278774,0.0368117,0.0695496,0.17479,0.2147,0.233762,0.311018,-9999,-9999
201812,-8.068,1.0,-8.068,1.519,1.0,-9999,-9999,-9999,-8.442,-8.442,1.394,-9999,-9999,-8.068,1.0,-8.068,1.519,1.0,-9999,-9999,-9999,0.0134908,0.161,1.0,0.0,0.161,1.0,-9999,-9999,254.609,254.609,0.0,185.685,1.0,238.547,185.685,1.0,0.256,1.0,0.134,0.256,1.0,97.382,97.382,0.0,1.535,2.455,1.0,3.203,3.223,1.0,-9999,-9999,1.544623655913978,1.0,415.893,0.967742,-0.12,0.182,0.68,1.314,1.0,1.0,1.0,1.0,9.873,26.801,1.0,1.0,-2.77708,1.0,3.81438,-9999,-9999,0.142399,-24.0407,-9999,-9999,0.776342,-9999,-9999,47.7742,0.225806,47.7742,2.33333,0.200213,0.191071,0.932124,0.932124,0.018473,0.0187014,0.0779822,0.0805207,0.200913,0.194384,0.932124,0.932124,0.0184735,0.0187531,0.0779823,0.0805327,0.183271,0.164164,0.926142,0.920346,0.00949711,0.0106783,0.0549266,0.0741459,0.159916,0.200913,0.220192,0.225671,0.247539,0.0517566,0.0602579,0.0861893,0.192528,0.210678,0.216895,0.247539,0.898522,0.909274,0.917339,0.932124,0.935484,0.942204,0.942204,0.906586,0.903898,0.910618,0.932124,0.932124,0.932124,0.942204,0.193855,0.185327,0.21674,0.22642,0.932392,0.932392,0.0178215,0.0180341,0.0748197,0.0772617,0.229264,0.0995366,2.26623e-17,0.0,-93323.3,-93323.3,0.320184,0.342856,0.320525,0.343236,0.19453,0.188535,0.216336,0.225266,0.932392,0.932392,0.0178219,0.0180843,0.0748198,0.0772734,0.229264,0.0920597,2.26623e-17,2.26623e-17,0.666667,0.666667,0.320184,0.342856,0.320525,0.343236,0.0546307,0.0730097,0.155443,0.19453,0.213062,0.218342,0.239415,0.0514263,0.0596305,0.0846153,0.186731,0.203939,0.209885,0.239415,0.898835,0.909543,0.917608,0.932392,0.935753,0.942473,0.942473,0.906855,0.904167,0.910887,0.932392,0.932392,0.932392,0.942473,-9031.37,-9031.36,-9031.35,-9031.33,-9031.33,-9031.33,-9031.33,-9031.37,-9031.36,-9031.36,-9031.34,-9031.33,-9031.33,-9031.33,-9031.29,-9031.29,-9031.29,-9031.29,-9031.29,-9031.29,-9031.29,-9031.29,-9031.29,-9031.29,-9031.29,-9031.29,-9031.29,-9031.29,0.208554,0.204698,0.215246,0.00858065,0.13588,0.147636,0.17374,0.199857,0.244704,0.269464,0.302693,0.244592,0.244592,0.233838,0.0084177,0.142926,0.174279,0.181483,0.244592,0.271094,0.282227,0.302693,0.0157839,0.0103137,0.0510816,0.00416453,0.0087865,0.0253613,0.0299904,0.047124,0.0760169,0.0808504,0.0958791,0.033914,0.0436784,0.0505667,0.0035796,0.0128153,0.0283778,0.033914,0.0505768,0.0598584,0.0789842,0.0883513,0.476948,0.129536,0.668461,0.0765523,0.083754,0.0933286,0.127446,0.567471,1.14586,1.17687,1.40363,0.970624,1.14586,0.775274,0.0709561,0.0929552,0.123484,0.415609,0.913912,1.14586,1.22036,1.40363,0.0305614,0.00246727,0.0198417,0.00223295,0.0,0.0,0.0023833,0.0276409,0.0305614,0.0307202,0.0354202,0.00697481,0.0305614,0.0218532,0.00206741,0.0,0.00230767,0.00697481,0.0285816,0.0305377,0.0308455,0.0354202,-9999,-9999
201901,-12.691,1.0,-12.742,1.645,1.0,-9999,-9999,-9999,-12.737,-12.767,1.576,-9999,-9999,-12.691,1.0,-12.742,1.645,1.0,-9999,-9999,-9999,3.81357,1.248,1.0,1.004,1.248,1.0,-9999,-9999,226.39,226.39,0.0,171.182,1.0,207.159,171.182,1.0,0.324,1.0,0.177,0.324,1.0,96.603,96.603,0.0,1.091,0.969,1.0,3.126,3.109,1.0,-9999,-9999,3.476680107526881,1.0,415.919,1.0,-0.482,-0.251,0.187,0.712,1.0,1.0,1.0,1.0,5.998,25.665,1.0,1.0,-2.91835,1.0,1.25157,-9999,-9999,0.0928433,-24.9974,-9999,-9999,0.614395,-9999,-9999,42.9677,5.03226,33.8387,3.85714,0.185904,0.183558,0.782258,0.782258,0.0264123,0.0263463,0.0290653,0.0289501,0.190979,0.188635,0.782258,0.782258,0.0264064,0.0264048,0.0290599,0.0290033,0.201185,0.200412,0.802403,0.802403,0.00211202,0.00213567,0.185904,0.190979,0.192857,0.195687,0.208547,0.215242,0.22757,0.183558,0.190077,0.190783,0.19517,0.208547,0.214075,0.223571,0.782258,0.782258,0.775538,0.785618,0.808468,0.866263,0.827285,0.782258,0.772177,0.785618,0.818548,0.808468,0.811828,0.827285,0.172816,0.170556,0.240677,0.241765,0.786651,0.786651,0.0260477,0.0259756,0.0284274,0.0284736,0.285149,0.285149,0.118615,0.118615,-4760.75,-4760.75,0.110826,0.110826,0.112703,0.112703,0.177692,0.175434,0.242891,0.243982,0.786651,0.786651,0.0260413,0.0260395,0.0284215,0.0285319,0.287308,0.287308,0.119521,0.119521,0.677609,0.677609,0.110826,0.110826,0.112703,0.112703,0.172816,0.178449,0.18033,0.183124,0.193628,0.201221,0.216361,0.170556,0.177896,0.179635,0.182649,0.193628,0.201221,0.212507,0.786651,0.817212,0.782195,0.808591,0.808591,0.827447,0.82662,0.786651,0.808591,0.782195,0.784741,0.808591,0.827447,0.82662,-3225.31,-3225.3,-3225.3,-3225.29,-3225.26,-3225.26,-3225.25,-3225.31,-3225.3,-3225.3,-3225.29,-3225.26,-3225.26,-3225.25,-3225.07,-3225.03,-3225.04,-3225.02,-3224.95,-3225.01,-3225.01,-3225.07,-3225.03,-3225.04,-3225.02,-3224.95,-3225.01,-3225.01,0.259767,0.259767,0.260875,0.00225078,0.222172,0.244528,0.259959,0.261562,0.263371,0.272107,0.280666,0.259767,0.259767,0.260875,0.00225078,0.222172,0.244528,0.259959,0.261562,0.263371,0.272107,0.280666,0.0710805,0.0711315,0.0604633,0.00340022,-0.0176513,0.0510062,0.0564793,0.0677334,0.0714554,0.073622,0.0767795,0.0672544,0.0687879,0.0596908,0.00336547,-0.0176513,0.0510062,0.0553804,0.0672544,0.0705139,0.073115,0.0751834,0.949011,0.410406,0.584163,0.0401184,0.36614,0.387233,0.410406,0.429286,0.943897,0.949011,0.983703,0.943897,0.410406,0.584163,0.0401184,0.36614,0.387233,0.410406,0.429286,0.943897,0.949011,0.983703,0.0,0.0,0.00100898,0.000397684,0.0,0.0,0.0,0.0,3.70951e-07,0.00188147,0.00596155,0.0,0.0,0.00100898,0.000397684,0.0,0.0,0.0,0.0,3.70951e-07,0.00188147,0.00596155,-9999,-9999
201902,-11.018,1.0,-11.367,1.968,1.0,-10.31,0.989,1.0,-10.667,-11.025,2.127,-9.953,1.023,-11.018,1.0,-11.367,1.968,1.0,-10.31,0.989,1.0,45.8398,16.404,0.998512,16.261,16.392,0.998512,-9999,-9999,233.836,233.836,0.0,199.085,0.998512,215.441,199.15,0.998512,0.425,1.0,0.362,0.425,1.0,96.913,96.913,0.0,1.544,1.389,1.0,3.38,3.4,1.0,-9999,-9999,34.91428571428571,1.0,420.816,0.640625,-0.593,-0.457,-0.154,0.277,1.0,1.0,1.0,1.0,4.926,21.798,1.0,1.0,-2.11317,1.0,0.884798,-9999,-9999,0.13478,-19.4917,-9999,-9999,0.625288,-9999,-9999,32.5,15.5,9.57143,5.82143,0.673494,0.673494,0.520833,0.520833,0.012305,0.012305,0.0414587,0.0414587,0.673251,0.673251,0.520833,0.520833,0.012305,0.012305,0.0414587,0.0414587,0.648218,0.648218,0.502269,0.502269,0.0059685,0.0059685,0.591233,0.598871,0.617108,0.660975,0.673494,0.678052,0.70399,0.591233,0.598871,0.617108,0.660975,0.673494,0.678052,0.70399,0.526786,0.40997,0.52753,0.521577,0.520833,0.41369,0.519345,0.526786,0.40997,0.52753,0.521577,0.520833,0.41369,0.519345,0.664605,0.664605,0.177641,0.177641,0.523859,0.523859,0.0152489,0.0152489,0.0407125,0.0407125,0.625176,0.625176,0.15905,0.15905,0.508242,0.508242,0.018827,0.018827,0.0586799,0.0586799,0.664605,0.664605,0.177641,0.177641,0.523859,0.523859,0.0152489,0.0152489,0.0407125,0.0407125,0.624553,0.624553,0.159718,0.159718,0.508242,0.508242,0.018827,0.018827,0.0586799,0.0586799,0.553094,0.590921,0.6004,0.64252,0.664605,0.666418,0.696588,0.553094,0.590921,0.6004,0.64252,0.664605,0.666418,0.696588,0.38961,0.532505,0.541126,0.390039,0.523859,0.525091,0.523859,0.38961,0.532505,0.541126,0.390039,0.523859,0.525091,0.523859,0.528465,0.533301,0.569915,0.623942,0.638735,0.644456,0.651394,0.528465,0.533301,0.569915,0.623942,0.638735,0.644456,0.651394,0.509977,0.50723,0.514604,0.508242,0.453286,0.504482,0.461528,0.509977,0.50723,0.514604,0.508242,0.453286,0.504482,0.461528,1.13842,1.13842,1.08159,0.0147325,0.809383,0.986836,1.07737,1.12361,1.13667,1.13984,1.14591,1.13842,1.13842,1.08159,0.0147325,0.809383,0.986836,1.07737,1.12361,1.13667,1.13984,1.14591,0.465169,0.465169,0.433368,0.0132898,0.210512,0.327725,0.416093,0.459577,0.467907,0.496565,0.530854,0.461476,0.465169,0.433368,0.0132898,0.210512,0.327725,0.416093,0.459577,0.467907,0.496565,0.530854,0.788405,0.437788,0.553994,0.0261581,0.390569,0.413069,0.437788,0.457929,0.767751,0.788405,0.822593,0.770955,0.437788,0.553994,0.0261581,0.390569,0.413069,0.437788,0.457929,0.767751,0.788405,0.822593,0.0,0.0,0.00663344,0.00241078,0.0,0.0,0.0,0.0,1.91161e-06,0.0229306,0.0286071,0.0,0.0,0.00663344,0.00241078,0.0,0.0,0.0,0.0,1.91161e-06,0.0229306,0.0286071,-9999,-9999
201903,-6.913,1.0,-8.113,1.939,1.0,-5.659,1.884,1.0,-6.753,-7.875,2.196,-5.567,2.194,-6.913,1.0,-8.113,1.939,1.0,-5.659,1.884,1.0,145.07,70.261,0.999328,68.849,70.277,0.999328,-9999,-9999,223.978,223.978,0.0,214.876,0.999328,204.477,214.857,0.999328,0.915,1.0,0.796,0.915,1.0,96.159,96.159,0.0,1.54,1.57,1.0,4.061,4.376,1.0,0.6794424860421611,0.6034946236559139,145.7668186068256,0.9986559139784947,415.735,0.99328,-0.36,-0.277,-0.117,0.237,1.0,1.0,1.0,1.0,5.758,21.736,1.0,1.0,-1.23669,1.0,8.84709,-9999,-9999,0.256747,9.99868,-9999,-9999,0.688065,-9999,-9999,24.4194,23.5806,24.4194,23.5806,0.446746,0.446746,0.974462,0.974462,0.00840971,0.00840971,0.024807,0.024807,0.445973,0.445973,0.974462,0.974462,0.00840371,0.00840371,0.0248049,0.0248049,0.437867,0.437867,0.972127,0.972127,0.00368114,0.00368114,0.387427,0.408528,0.418746,0.446137,0.450894,0.455204,0.468489,0.387427,0.408528,0.418746,0.446137,0.450894,0.455204,0.468489,0.96371,0.975134,0.979167,0.975806,0.967742,0.965054,0.969086,0.96371,0.975134,0.979167,0.975806,0.967742,0.965054,0.969086,0.486735,0.486735,0.192805,0.192805,0.981352,0.981352,0.0116415,0.0116415,0.0293643,0.0293643,0.372438,0.372438,0.223957,0.223957,0.964729,0.964729,0.0112601,0.0112601,0.0198312,0.0198312,0.486735,0.486735,0.192805,0.192805,0.981352,0.981352,0.0116442,0.0116442,0.0293654,0.0293654,0.370943,0.370943,0.225225,0.225225,0.964729,0.964729,0.0112398,0.0112398,0.0198197,0.0198197,0.408664,0.444297,0.455537,0.487372,0.492039,0.498213,0.505297,0.408664,0.444297,0.455537,0.487372,0.492039,0.498213,0.505297,0.953917,0.97235,0.978111,0.981352,0.981352,0.981352,0.981352,0.953917,0.97235,0.978111,0.981352,0.981352,0.981352,0.981352,0.341996,0.346478,0.352774,0.370943,0.375179,0.379127,0.393728,0.341996,0.346478,0.352774,0.370943,0.375179,0.379127,0.393728,0.979342,0.980687,0.982031,0.964729,0.943883,0.961772,0.9494,0.979342,0.980687,0.982031,0.964729,0.943883,0.961772,0.9494,0.465345,0.466563,0.477974,0.00298556,0.46014,0.464462,0.466417,0.467882,0.486152,0.495158,0.515322,0.465345,0.466563,0.477974,0.00298556,0.46014,0.464462,0.466417,0.467882,0.486152,0.495158,0.515322,0.0192079,0.0205892,0.0401065,0.00276818,0.0192079,0.0209624,0.0231635,0.0364312,0.0468333,0.0529879,0.0770342,0.0205069,0.0205892,0.0401065,0.00276818,0.0192079,0.0209624,0.0231635,0.0364312,0.0468333,0.0529879,0.0770342,0.44552,0.381504,0.401931,0.00516565,0.354945,0.367948,0.381504,0.399759,0.417009,0.428901,0.460842,0.460842,0.381504,0.401931,0.00516565,0.354945,0.367948,0.381504,0.399759,0.417009,0.428901,0.460842,0.0340617,0.0448527,0.0621656,0.00316444,0.0340617,0.0448527,0.0486455,0.056253,0.0683352,0.084944,0.0981464,0.0346481,0.0448527,0.0621656,0.00316444,0.0340617,0.0448527,0.0486455,0.056253,0.0683352,0.084944,0.0981464,-9999,-9999
201904,1.54,1.0,-0.922,1.872,1.0,2.794,2.637,1.0,1.611,-0.575,1.786,2.705,2.67,1.54,1.0,-0.922,1.872,1.0,2.794,2.637,1.0,281.183,156.643,1.0,162.466,156.643,1.0,-9999,-9999,245.932,245.932,0.0,253.118,1.0,228.896,253.118,1.0,2.751,1.0,2.575,2.751,1.0,98.741,98.741,0.0,0.306,0.323,1.0,3.132,3.527,1.0,-9999,-9999,330.17527777777775,1.0,414.071,0.977778,-0.119,-0.1,-0.065,0.231,1.0,1.0,1.0,1.0,9.236,27.46,1.0,1.0,-0.288333,1.0,12.372,-9999,-9999,0.201711,52.9783,-9999,-9999,0.748148,-9999,-9999,16.3333,31.6667,16.3333,31.6667,-0.00718868,-0.00718868,0.892361,0.892361,0.0186224,0.0186224,0.0296931,0.0296931,-0.00694334,-0.00694334,0.89375,0.89375,0.0184848,0.0184848,0.029607,0.029607,0.00104877,0.00104877,0.893247,0.893247,0.00330094,0.00330094,-0.0315763,-0.0204214,-0.0137187,-0.00365646,0.0140785,0.0258337,0.0322926,-0.0315763,-0.0204214,-0.0137187,-0.00365646,0.0140785,0.0258337,0.0322926,0.916667,0.913889,0.911111,0.898611,0.875694,0.877083,0.870833,0.916667,0.913889,0.911111,0.898611,0.875694,0.877083,0.870833,0.889529,0.889529,0.158067,0.158067,0.919937,0.919937,0.0197199,0.0197199,0.0322519,0.0322519,-0.396643,-0.396643,0.896581,0.896581,0.882962,0.882962,0.0252283,0.0252283,0.0318894,0.0318894,0.891134,0.891134,0.157114,0.157114,0.923641,0.923641,0.0194403,0.0194403,0.0320817,0.0320817,-0.39708,-0.39708,0.896402,0.896402,0.882962,0.882962,0.0250696,0.0250696,0.031764,0.031764,0.8416,0.859687,0.87285,0.889529,0.906223,0.910729,0.926989,0.8416,0.859687,0.87285,0.889529,0.906223,0.910729,0.926989,0.951282,0.949199,0.946635,0.919937,0.890569,0.899066,0.892799,0.951282,0.949199,0.946635,0.919937,0.890569,0.899066,0.892799,-0.41077,-0.401325,-0.398526,-0.392204,-0.372114,-0.362314,-0.359675,-0.41077,-0.401325,-0.398526,-0.392204,-0.372114,-0.362314,-0.359675,0.90651,0.898655,0.895797,0.887724,0.874669,0.874669,0.864907,0.90651,0.898655,0.895797,0.887724,0.874669,0.874669,0.864907,1.14226,1.14421,1.14202,0.0100168,1.01329,1.07435,1.10096,1.14083,1.18831,1.21514,1.24409,1.14226,1.14421,1.14202,0.0100168,1.01329,1.07435,1.10096,1.14083,1.18831,1.21514,1.24409,1.14592,1.15115,1.14098,0.00697687,1.04487,1.09417,1.11358,1.14449,1.16432,1.19046,1.21174,1.14449,1.15115,1.14098,0.00697687,1.04487,1.09417,1.11358,1.14449,1.16432,1.19046,1.21174,0.885162,0.984318,0.926388,0.0088538,0.841082,0.866746,0.885057,0.90116,0.984488,0.989501,1.00009,0.891461,0.984318,0.926388,0.0088538,0.841082,0.866746,0.885057,0.90116,0.984488,0.989501,1.00009,0.941038,1.04174,0.975359,0.00763659,0.904504,0.924823,0.937651,0.962935,1.00973,1.04191,1.04809,0.943086,1.04174,0.975359,0.00763659,0.904504,0.924823,0.937651,0.962935,1.00973,1.04191,1.04809,-9999,-9999
201905,4.07,1.0,1.736,-9999,1.0,4.515,2.554,1.0,3.963,1.932,-9999,4.348,2.266,4.07,1.0,1.736,-9999,1.0,4.515,2.554,1.0,410.459,167.426,0.991935,177.506,168.139,0.991935,-9999,-9999,280.011,280.011,0.0,280.428,0.991935,266.802,280.246,0.991935,2.645,1.0,2.484,2.645,1.0,97.554,97.554,0.0,2.769,4.948,1.0,3.169,3.281,1.0,0.5306651932384443,0.743279569892473,349.1100084396098,0.9912634408602151,411.607,0.992608,0.627,0.475,0.311,0.428,1.0,1.0,1.0,1.0,15.021,38.245,1.0,1.0,3.05034,1.0,27.3807,-9999,-9999,0.403886,67.3779,-9999,-9999,0.790293,-9999,-9999,7.32258,40.6774,7.32258,40.6774,-0.944596,-0.944596,0.954973,0.954973,0.020679,0.020679,0.0296424,0.0296424,-0.947912,-0.947912,0.959005,0.959005,0.020304,0.020304,0.0293821,0.0293821,-0.949548,-0.949548,0.952554,0.952554,0.00286083,0.00286083,-0.976634,-0.97145,-0.968278,-0.94969,-0.937347,-0.928974,-0.919465,-0.976634,-0.97145,-0.968278,-0.94969,-0.937347,-0.928974,-0.919465,0.982527,0.975806,0.977823,0.977151,0.961022,0.883737,0.900538,0.982527,0.975806,0.977823,0.977151,0.961022,0.883737,0.900538,1.28224,1.28224,0.164326,0.164326,0.923886,0.923886,0.0323775,0.0323775,0.0546272,0.0546272,-1.24773,-1.24773,1.78466,1.78466,0.957205,0.957205,0.0227807,0.0227807,0.0296201,0.0296201,1.28595,1.28595,0.177152,0.177152,0.947542,0.947542,0.03192,0.03192,0.0543572,0.0543572,-1.25244,-1.25244,1.78885,1.78885,0.958708,0.958708,0.0223616,0.0223616,0.0292989,0.0292989,1.1619,1.20824,1.21641,1.25649,1.28651,1.29624,1.31758,1.1619,1.20824,1.21641,1.25649,1.28651,1.29624,1.31758,1.0,1.0,0.91659,0.923886,0.986252,0.986252,0.947542,1.0,1.0,0.91659,0.923886,0.986252,0.986252,0.947542,-1.27408,-1.26767,-1.26381,-1.25031,-1.23998,-1.22981,-1.21284,-1.27408,-1.26767,-1.26381,-1.25031,-1.23998,-1.22981,-1.21284,0.976579,0.975792,0.975792,0.957205,0.961394,0.961482,0.899666,0.976579,0.975792,0.975792,0.957205,0.961394,0.961482,0.899666,1.48069,1.48178,1.36887,0.0271736,1.17796,1.18515,1.19063,1.28829,1.5376,1.57518,1.57707,1.48069,1.48178,1.36887,0.0271736,1.17796,1.18515,1.19063,1.28829,1.5376,1.57518,1.57707,2.42168,2.42969,2.31842,0.0279018,2.09722,2.11498,2.14804,2.23499,2.49976,2.50905,2.51771,2.39536,2.42969,2.31842,0.0279018,2.09722,2.11498,2.14804,2.23499,2.49976,2.50905,2.51771,1.80323,1.30428,1.50351,0.0322684,1.16188,1.28761,1.3145,1.47691,1.68046,1.73803,1.81326,1.79978,1.30428,1.50351,0.0322684,1.16188,1.28761,1.3145,1.47691,1.68046,1.73803,1.81326,2.51884,2.43352,2.55319,0.0238619,2.31455,2.40118,2.4152,2.51884,2.69151,2.72817,2.76434,2.42489,2.43352,2.55319,0.0238619,2.31455,2.40118,2.4152,2.51884,2.69151,2.72817,2.76434,-9999,-9999
201906,10.412,1.0,-9999,-9999,-9999,10.414,2.828,1.0,10.451,-9999,-9999,10.453,2.614,10.412,1.0,-9999,-9999,-9999,10.414,2.828,1.0,483.419,195.002,0.998611,194.183,195.03,0.998611,-9999,-9999,310.945,310.945,0.0,323.409,0.998611,301.21,323.344,0.998611,4.905,1.0,5.103,4.905,1.0,97.694,97.694,0.0,3.029,2.642,1.0,3.272,3.321,1.0,0.5452345662541078,0.6777777777777777,413.1084633569741,0.9944444444444444,406.756,0.955556,6.552,6.088,5.167,4.072,1.0,1.0,1.0,1.0,16.259,32.464,1.0,1.0,6.29444,1.0,55.3137,-9999,-9999,0.799381,75.0858,-9999,-9999,0.780351,-9999,-9999,0.0333333,47.9667,1.0,47.9333,-1.47493,-1.47493,0.857639,0.857639,0.0303503,0.0303503,0.0435663,0.0435663,-1.47211,-1.47211,0.858333,0.858333,0.0302582,0.0302582,0.0435021,0.0435021,-1.49007,-1.49007,0.850833,0.850833,0.00426018,0.00426018,-1.524,-1.51767,-1.5112,-1.50219,-1.46656,-1.45516,-1.44866,-1.524,-1.51767,-1.5112,-1.50219,-1.46656,-1.45516,-1.44866,0.898611,0.899306,0.895833,0.880556,0.85625,0.804167,0.813194,0.898611,0.899306,0.895833,0.880556,0.85625,0.804167,0.813194,1.54458,1.54458,0.0,0.0,-289970.0,-289970.0,0.733692,0.733692,0.73393,0.73393,-1.42379,-1.42379,3.0432,3.0432,0.857639,0.857639,0.0292629,0.0292629,0.0422764,0.0422764,1.54458,1.54458,0.0,0.0,1.0,1.0,0.738076,0.738076,0.738313,0.738313,-1.42108,-1.42108,3.04106,3.04106,0.858333,0.858333,0.029174,0.029174,0.0422149,0.0422149,-9665.65,-9665.65,-9665.65,-9665.65,-9665.65,-9665.61,-9665.61,-9665.65,-9665.65,-9665.65,-9665.65,-9665.65,-9665.61,-9665.61,-9665.67,-9665.67,-9665.67,-9665.67,-9665.67,-9665.67,-9665.67,-9665.67,-9665.67,-9665.67,-9665.67,-9665.67,-9665.67,-9665.67,-1.47183,-1.46573,-1.45949,-1.45008,-1.41573,-1.4047,-1.39848,-1.47183,-1.46573,-1.45949,-1.45008,-1.41573,-1.4047,-1.39848,0.898611,0.899306,0.895833,0.880556,0.85625,0.804167,0.813194,0.898611,0.899306,0.895833,0.880556,0.85625,0.804167,0.813194,2.91466,2.91466,2.87101,0.111821,2.08424,2.09877,2.23911,2.38191,3.51624,3.53552,3.8403,2.91466,2.91466,2.87101,0.111821,2.08424,2.09877,2.23911,2.38191,3.51624,3.53552,3.8403,4.4192,4.38678,4.36108,0.11519,3.53649,3.59303,3.68922,3.85278,5.02693,5.05076,5.35671,4.35049,4.38678,4.36108,0.11519,3.53649,3.59303,3.68922,3.85278,5.02693,5.05076,5.35671,3.48945,4.57118,4.13938,0.0893884,3.23925,3.51433,3.57598,4.10016,4.62025,4.73512,4.96882,3.68954,4.57118,4.13938,0.0893884,3.23925,3.51433,3.57598,4.10016,4.62025,4.73512,4.96882,5.07543,5.87513,5.38139,0.0814198,4.53615,4.82143,4.91404,5.51453,5.73843,5.83526,6.10118,5.07679,5.87513,5.38139,0.0814198,4.53615,4.82143,4.91404,5.51453,5.73843,5.83526,6.10118,-9999,-9999
201907,12.583,1.0,-9999,-9999,-9999,12.844,2.872,1.0,12.499,-9999,-9999,12.719,2.713,12.583,1.0,-9999,-9999,-9999,12.844,2.872,1.0,449.71,194.586,1.0,174.603,194.586,1.0,-9999,-9999,324.246,324.246,0.0,339.643,1.0,316.004,339.643,1.0,5.487,1.0,5.813,5.487,1.0,97.846,97.846,0.0,1.068,1.072,1.0,3.223,3.333,1.0,0.5468201175074194,0.711021505376344,413.8626000915122,0.9993279569892473,397.485,1.0,9.014,8.552,7.624,6.474,1.0,1.0,1.0,1.0,15.049,28.356,1.0,1.0,5.49089,1.0,63.3068,-9999,-9999,0.757538,72.7877,-9999,-9999,0.789348,-9999,-9999,3.03226,44.9677,4.36842,44.0968,-1.11805,-1.11805,0.896505,0.896505,0.0328923,0.0328923,0.0945072,0.0945072,-1.11517,-1.11517,0.898522,0.898522,0.03243,0.03243,0.0943473,0.0943473,-1.16539,-1.16539,0.898841,0.898841,0.012568,0.012568,-1.3102,-1.2699,-1.23782,-1.14423,-1.11052,-1.0927,-1.06411,-1.3102,-1.2699,-1.23782,-1.14423,-1.11052,-1.0927,-1.06411,0.807796,0.805108,0.86828,0.887097,0.913306,0.94422,0.936828,0.807796,0.805108,0.86828,0.887097,0.913306,0.94422,0.936828,3.62818,3.62818,0.625532,0.625532,-6314.37,-6314.37,0.0775523,0.0775523,0.0813143,0.0813143,-1.42666,-1.42666,3.78269,3.78269,0.900543,0.900543,0.0332898,0.0332898,0.0941111,0.0941111,3.62221,3.62221,0.630591,0.630591,0.785088,0.785088,0.078461,0.078461,0.0821814,0.0821814,-1.42314,-1.42314,3.77286,3.77286,0.90271,0.90271,0.0328044,0.0328044,0.0939405,0.0939405,-3868.44,-3868.39,-3868.37,-3868.36,-3868.34,-3868.34,-3868.3,-3868.44,-3868.39,-3868.37,-3868.36,-3868.34,-3868.34,-3868.3,-3870.17,-3870.19,-3870.09,-3870.09,-3870.1,-3870.1,-3870.1,-3870.17,-3870.19,-3870.09,-3870.09,-3870.1,-3870.1,-3870.1,-1.61782,-1.57767,-1.54853,-1.45571,-1.42034,-1.40161,-1.37341,-1.61782,-1.57767,-1.54853,-1.45571,-1.42034,-1.40161,-1.37341,0.808048,0.852361,0.86856,0.890391,0.95133,0.949864,0.943361,0.808048,0.852361,0.86856,0.890391,0.95133,0.949864,0.943361,3.78484,3.78484,3.84984,0.0950334,3.20838,3.24147,3.5341,3.61197,3.94981,3.99392,5.18299,3.78484,3.78484,3.84984,0.0950334,3.20838,3.24147,3.5341,3.61197,3.94981,3.99392,5.18299,4.90056,4.9,5.01523,0.0910733,4.46181,4.50281,4.70197,4.78379,5.03291,5.09978,6.35106,4.87572,4.9,5.01523,0.0910733,4.46181,4.50281,4.70197,4.78379,5.03291,5.09978,6.35106,4.36828,4.23803,4.55035,0.066033,4.007,4.25926,4.29643,4.41324,4.73114,5.11483,5.31076,4.33936,4.23803,4.55035,0.0660331,4.007,4.25926,4.29643,4.41324,4.73114,5.11483,5.31076,5.63606,5.39524,5.70187,0.0547775,5.26977,5.45349,5.50511,5.60141,5.85777,6.10329,6.33596,5.62627,5.39524,5.70187,0.0547776,5.26977,5.45349,5.50492,5.60141,5.85777,6.10329,6.33596,-9999,-9999
201908,11.363,1.0,9.461,1.093,1.0,12.039,2.294,1.0,11.395,9.634,1.144,12.039,2.218,11.363,1.0,9.461,1.093,1.0,12.039,2.294,1.0,335.153,115.546,0.985887,107.322,115.882,0.985887,-9999,-9999,334.558,334.558,0.0,347.67,0.985887,327.474,346.777,0.985887,2.355,1.0,2.871,2.355,1.0,97.628,97.628,0.0,2.542,2.643,1.0,3.271,3.041,1.0,-9999,-9999,244.34795915892806,0.980510752688172,359.354,0.997984,9.349,9.053,8.424,7.583,1.0,1.0,1.0,1.0,16.529,28.7,1.0,1.0,3.85417,1.0,40.237,-9999,-9999,0.49244,34.7974,-9999,-9999,0.659484,-9999,-9999,12.871,35.129,12.871,35.0323,0.561497,0.561497,0.674731,0.674731,0.0299166,0.0299166,0.209476,0.209476,0.567511,0.567511,0.677419,0.677419,0.0297569,0.0297569,0.209453,0.209453,0.594527,0.594527,0.670867,0.670867,0.0302092,0.0302092,0.255467,0.42784,0.489431,0.556964,0.687063,0.842497,0.910678,0.255467,0.42784,0.489431,0.556964,0.687063,0.842497,0.910678,0.860887,0.729839,0.708333,0.664651,0.641801,0.5625,0.532258,0.860887,0.729839,0.708333,0.664651,0.641801,0.5625,0.532258,4.48443,4.48443,0.41961,0.41961,0.640764,0.640764,0.0491648,0.0491648,0.116414,0.116414,-0.931085,-0.931085,4.06981,4.06981,0.690846,0.690846,0.0350389,0.0350389,0.242188,0.242188,4.48364,4.48364,0.426282,0.426282,0.640764,0.640764,0.0489651,0.0489651,0.11633,0.11633,-0.923202,-0.923202,4.06437,4.06437,0.694878,0.694878,0.03484,0.03484,0.242159,0.242159,4.12374,4.40369,4.43934,4.49074,4.54494,4.61473,4.62362,4.12374,4.40369,4.43934,4.49074,4.54494,4.61473,4.62362,0.877388,0.656125,0.645219,0.640764,0.640764,0.629243,0.609889,0.877388,0.656125,0.645219,0.640764,0.640764,0.629243,0.609889,-1.21417,-1.08532,-1.01236,-0.945492,-0.821306,-0.606044,-0.477909,-1.21417,-1.08532,-1.01236,-0.945492,-0.821306,-0.606044,-0.477909,0.858434,0.75982,0.735211,0.675078,0.656604,0.57295,0.504782,0.858434,0.75982,0.735211,0.675078,0.656604,0.57295,0.504782,5.18299,5.18299,5.22185,0.0337031,4.73789,5.09718,5.11837,5.18416,5.37708,5.39295,5.50048,5.18299,5.18299,5.22185,0.0337031,4.73789,5.09718,5.11837,5.18416,5.37708,5.39295,5.50048,4.61548,4.61548,4.62732,0.0141579,4.48242,4.52013,4.55937,4.63271,4.68105,4.71305,4.7891,4.62816,4.61548,4.62732,0.0141579,4.48242,4.52013,4.55937,4.63271,4.68105,4.71305,4.7891,4.61125,3.73403,4.5784,0.164424,3.32436,3.73403,3.78567,4.29043,5.04368,5.32353,6.47321,4.29163,3.73403,4.5784,0.164424,3.32436,3.73403,3.78567,4.29043,5.04368,5.32353,6.47321,4.33084,4.14482,4.59152,0.0840254,3.78907,4.17551,4.33746,4.46178,4.68014,5.01171,5.37032,4.48769,4.14482,4.59152,0.0840254,3.78907,4.17551,4.33746,4.46178,4.68014,5.01171,5.37032,-9999,-9999
201909,6.028,1.0,4.933,1.265,1.0,6.862,1.641,1.0,6.227,5.082,1.401,7.111,1.807,6.028,1.0,4.933,1.265,1.0,6.862,1.641,1.0,199.032,62.383,1.0,62.758,62.383,1.0,-9999,-9999,302.291,302.291,0.0,309.845,1.0,291.584,309.845,1.0,1.264,1.0,1.626,1.264,1.0,97.3,97.3,0.0,3.362,2.626,1.0,3.421,3.229,1.0,0.4971265891442859,0.8069444444444446,139.30208333333334,1.0,401.584,1.0,7.184,7.317,7.477,7.499,1.0,1.0,1.0,1.0,22.169,31.097,1.0,1.0,-1.22306,1.0,24.3073,-9999,-9999,0.57094,2.41983,-9999,-9999,0.586279,-9999,-9999,21.0,27.0,21.0,27.0,1.04464,1.04464,0.982639,0.982639,0.0253338,0.0253338,0.0575868,0.0575868,1.0452,1.0452,0.982639,0.982639,0.0252718,0.0252718,0.0575596,0.0575596,1.02001,1.02001,0.977795,0.977795,0.00756,0.00756,0.937879,0.955344,0.967984,1.0374,1.0523,1.05877,1.08011,0.937879,0.955344,0.967984,1.0374,1.0523,1.05877,1.08011,0.992361,0.990972,0.990972,0.978472,0.977778,0.977778,0.927778,0.992361,0.990972,0.990972,0.978472,0.977778,0.977778,0.927778,3.15008,3.15008,0.41243,0.41243,0.995652,0.995652,0.0317058,0.0317058,0.0456685,0.0456685,-0.580649,-0.580649,2.33433,2.33433,0.972151,0.972151,0.035714,0.035714,0.069201,0.069201,3.14887,3.14887,0.418255,0.418255,0.995652,0.995652,0.0315307,0.0315307,0.0455472,0.0455472,-0.578523,-0.578523,2.33392,2.33392,0.972151,0.972151,0.0356789,0.0356789,0.0691829,0.0691829,3.06506,3.09538,3.10574,3.14346,3.15875,3.16112,3.24342,3.06506,3.09538,3.10574,3.14346,3.15875,3.16112,3.24342,1.0,0.998551,0.998551,0.995652,0.970619,0.994065,0.950066,1.0,0.998551,0.998551,0.995652,0.970619,0.994065,0.950066,-0.707931,-0.687604,-0.671073,-0.602532,-0.579361,-0.569058,-0.558296,-0.707931,-0.687604,-0.671073,-0.602532,-0.579361,-0.569058,-0.558296,0.985084,0.986195,0.986195,0.980151,0.962917,0.962818,0.962818,0.985084,0.986195,0.986195,0.980151,0.962917,0.962818,0.962818,3.52145,3.52145,3.48378,0.00755444,3.39293,3.41889,3.44733,3.50447,3.51959,3.52269,3.53398,3.52145,3.52145,3.48378,0.00755444,3.39293,3.41889,3.44733,3.50447,3.51959,3.52269,3.53398,2.47624,2.47624,2.46378,0.00582176,2.39711,2.4525,2.45972,2.47304,2.47704,2.483,2.49716,2.48393,2.47624,2.46378,0.00582176,2.39711,2.4525,2.45972,2.47304,2.47704,2.483,2.49716,3.38698,3.31515,3.34876,0.0459982,2.93278,3.16936,3.26364,3.31515,3.38435,3.41623,3.4775,3.41623,3.31515,3.34876,0.0459982,2.93278,3.16936,3.26364,3.31515,3.38435,3.41623,3.4775,2.47367,2.42329,2.49328,0.0283408,2.32118,2.39991,2.42356,2.46711,2.51323,2.5421,2.64113,2.51323,2.42329,2.49328,0.0283408,2.32118,2.39991,2.42356,2.46711,2.51323,2.5421,2.64113,-9999,-9999
201910,-3.196,1.0,-3.577,1.311,1.0,-2.629,0.846,1.0,-3.006,-3.27,1.309,-2.656,0.974,-3.196,1.0,-3.577,1.311,1.0,-2.629,0.846,1.0,81.3227,18.315,0.998656,22.71,18.391,0.998656,-9999,-9999,266.952,266.952,0.0,249.986,0.998656,252.276,249.915,0.998656,0.384,1.0,0.494,0.384,1.0,97.244,97.244,0.0,1.986,1.644,1.0,3.112,2.979,1.0,-9999,-9999,32.74858870967742,1.0,408.214,1.0,2.378,2.718,3.328,4.035,1.0,1.0,1.0,1.0,21.537,29.646,1.0,1.0,-3.91398,1.0,5.94528,-9999,-9999,0.423729,-9.26311,-9999,-9999,0.444878,-9999,-9999,28.871,19.129,28.871,19.129,0.776466,0.776466,0.953629,0.953629,0.0144279,0.0144279,0.0638083,0.0638083,0.758759,0.758759,0.958333,0.958333,0.0142344,0.0142344,0.0637649,0.0637649,0.813667,0.813667,0.919808,0.919808,0.0141745,0.0141745,0.728112,0.746576,0.75413,0.760886,0.852249,0.870888,1.05222,0.728112,0.746576,0.75413,0.760886,0.852249,0.870888,1.05222,0.965726,0.967742,0.965726,0.963038,0.793683,0.909274,0.766801,0.965726,0.967742,0.965726,0.963038,0.793683,0.909274,0.766801,1.174,1.174,0.209394,0.209394,0.967312,0.967312,0.0156235,0.0156235,0.0683756,0.0683756,0.196918,0.196918,0.767413,0.767413,0.935467,0.935467,0.0257122,0.0257122,0.0487353,0.0487353,1.14236,1.14236,0.207631,0.207631,0.967312,0.967312,0.0156757,0.0156757,0.0683876,0.0683876,0.199677,0.199677,0.729249,0.729249,0.946765,0.946765,0.0249991,0.0249991,0.0483629,0.0483629,1.10482,1.12522,1.13445,1.14364,1.23596,1.25835,1.35192,1.10482,1.12522,1.13445,1.14364,1.23596,1.25835,1.35192,0.973677,0.973384,0.967312,0.967312,0.943165,0.910907,0.77374,0.973677,0.973384,0.967312,0.967312,0.943165,0.910907,0.77374,0.177967,0.192582,0.196918,0.204763,0.247437,0.275384,0.564451,0.177967,0.192582,0.196918,0.204763,0.247437,0.275384,0.564451,0.956456,0.956237,0.935467,0.946765,0.936952,0.887716,0.756505,0.956456,0.956237,0.935467,0.946765,0.936952,0.887716,0.756505,1.21342,1.21442,1.21148,0.00455401,1.17301,1.18794,1.19256,1.2079,1.21588,1.22762,1.27949,1.21342,1.21442,1.21148,0.00455401,1.17301,1.18794,1.19256,1.2079,1.21588,1.22762,1.27949,0.453786,0.455659,0.397814,0.0107263,0.22293,0.312752,0.372128,0.431672,0.448996,0.451498,0.456166,0.448996,0.455659,0.397814,0.0107263,0.22293,0.312752,0.372128,0.431672,0.448996,0.451498,0.456166,0.988953,1.31265,0.94389,0.0583352,0.186963,0.455076,0.807052,0.994102,1.22061,1.32332,1.39434,1.03756,1.31265,0.94389,0.0583352,0.186963,0.455076,0.807052,0.994102,1.22061,1.32332,1.39434,0.528179,0.660804,0.607311,0.0207208,0.447399,0.470702,0.481574,0.578415,0.681768,0.705685,0.851105,0.540744,0.660804,0.607311,0.0207208,0.447399,0.470702,0.481574,0.578415,0.681768,0.705685,0.851105,-9999,-9999
201911,-8.373,1.0,-8.467,1.43,1.0,-8.044,0.533,1.0,-8.495,-8.547,1.549,-8.357,0.432,-8.373,1.0,-8.467,1.43,1.0,-8.044,0.533,1.0,13.64,3.219,1.0,3.285,3.219,1.0,-9999,-9999,255.784,255.784,0.0,213.722,1.0,239.854,213.722,1.0,0.205,1.0,0.09,0.205,1.0,97.64,97.64,0.0,1.172,1.294,1.0,2.668,2.485,0.999306,-9999,-9999,4.942569444444445,1.0,417.787,1.0,0.851,1.096,1.556,2.125,1.0,1.0,1.0,1.0,19.697,27.976,1.0,1.0,-2.91158,1.0,0.474361,-9999,-9999,0.187251,-17.9303,-9999,-9999,0.537684,-9999,-9999,38.0333,9.96667,38.0333,9.96667,0.502155,0.502155,0.813194,0.813194,0.00889394,0.00889394,0.044849,0.044849,0.50242,0.50242,0.8125,0.8125,0.00888865,0.00888865,0.044848,0.044848,0.571163,0.571158,0.782656,0.782656,0.00690754,0.00690757,0.475575,0.520696,0.548336,0.575445,0.591262,0.608613,0.643739,0.475575,0.520696,0.548336,0.575227,0.591262,0.608613,0.643739,0.848611,0.9,0.913194,0.463889,0.754167,0.91875,0.547222,0.848611,0.9,0.913194,0.463889,0.754167,0.91875,0.547222,0.473934,0.473934,0.131568,0.131568,0.837345,0.837345,0.0096545,0.0096545,0.0514458,0.0514458,0.507681,0.507681,0.0751355,0.0751355,0.752743,0.752743,0.0186122,0.0186122,0.0330782,0.0330782,0.474136,0.474136,0.131108,0.131108,0.836468,0.836468,0.00964773,0.00964773,0.0514445,0.0514445,0.507962,0.507962,0.0749225,0.0749225,0.752743,0.752743,0.0186089,0.0186089,0.0330763,0.0330763,0.454029,0.497294,0.52002,0.551505,0.57677,0.598357,0.634335,0.454029,0.497294,0.52002,0.551505,0.57677,0.598357,0.634335,0.853374,0.904756,0.911232,0.96537,0.774593,0.919288,0.556934,0.853374,0.904756,0.911232,0.96537,0.774593,0.919288,0.556934,0.466546,0.513039,0.530163,0.551908,0.562868,0.567729,0.585366,0.466546,0.513039,0.530163,0.551908,0.562868,0.567729,0.585366,0.84453,0.897863,0.938761,0.927228,0.912943,0.479221,0.524459,0.84453,0.897863,0.938761,0.927228,0.912943,0.479221,0.524459,0.606355,0.606355,0.595848,0.00779674,0.518773,0.544681,0.548382,0.607437,0.635064,0.644836,0.679183,0.606355,0.606355,0.595848,0.00779674,0.518773,0.544681,0.548382,0.607437,0.635064,0.644836,0.679183,0.13102,0.103935,0.0246899,0.00879012,-0.0613515,-0.030867,-0.0100662,0.00641011,0.057311,0.103956,0.115664,0.131862,0.103935,0.0246848,0.00878883,-0.0613515,-0.030867,-0.0100662,0.00641011,0.057311,0.103737,0.115664,0.59163,0.85829,0.569527,0.0444171,0.0405765,0.152884,0.439551,0.619213,0.830601,0.857948,0.934495,0.650959,0.85829,0.569527,0.0444171,0.0405765,0.152884,0.439551,0.619213,0.830601,0.857948,0.934495,0.0135145,0.0835641,0.0750898,0.00982925,0.0,0.0109052,0.0135475,0.0817616,0.106248,0.12707,0.190649,0.0188715,0.0835641,0.0750898,0.00982925,0.0,0.0109052,0.0135475,0.0817616,0.106248,0.12707,0.190649,-9999,-9999
201912,-6.022,1.0,-6.026,1.502,1.0,-9999,-9999,-9999,-5.601,-5.606,1.504,-9999,-9999,-6.022,1.0,-6.026,1.502,1.0,-9999,-9999,-9999,0.0134908,0.1,1.0,0.001,0.1,1.0,-9999,-9999,258.586,258.586,0.0,193.854,1.0,242.971,193.854,1.0,0.233,1.0,0.207,0.233,1.0,96.054,96.054,0.0,2.262,2.782,1.0,3.488,3.35,1.0,-9999,-9999,1.7048387096774191,1.0,418.448,0.896505,0.564,0.753,1.083,1.513,1.0,1.0,1.0,1.0,19.701,27.504,1.0,1.0,-2.00804,1.0,5.63046,-9999,-9999,0.225331,-17.5649,-9999,-9999,0.606999,-9999,-9999,47.7742,0.225806,47.7742,2.33333,0.457571,0.457543,0.797043,0.797043,0.0111656,0.0111656,0.0280889,0.0280145,0.455283,0.455283,0.797043,0.797043,0.0111665,0.0111665,0.0280893,0.0280149,0.458224,0.458198,0.810601,0.810618,0.00357622,0.00357016,0.415659,0.436601,0.44434,0.456303,0.470787,0.48815,0.488691,0.415659,0.436569,0.44434,0.456303,0.470811,0.487956,0.4886,0.772177,0.797043,0.798387,0.797715,0.828629,0.844758,0.844758,0.772177,0.797043,0.798387,0.797715,0.828629,0.844758,0.848118,0.44,0.439973,0.211474,0.211482,0.797043,0.797043,0.0107905,0.0107905,0.0270938,0.0270199,0.279331,0.279331,0.112736,0.112736,-93323.0,-93323.0,0.139206,0.139206,0.139224,0.139224,0.437796,0.437796,0.211817,0.211817,0.797043,0.797043,0.0107912,0.0107912,0.0270941,0.0270202,0.277561,0.277561,0.112736,0.112736,1.0,1.0,0.139509,0.139509,0.139527,0.139527,0.399549,0.419766,0.427251,0.438778,0.452726,0.469471,0.469995,0.399549,0.419735,0.427251,0.438778,0.452749,0.469279,0.469911,0.772177,0.797043,0.798387,0.797715,0.828629,0.844758,0.844758,0.772177,0.797043,0.798387,0.797715,0.828629,0.844758,0.848118,-9031.33,-9031.33,-9031.33,-9031.33,-9031.33,-9031.33,-9031.33,-9031.33,-9031.33,-9031.33,-9031.33,-9031.33,-9031.33,-9031.33,-9031.26,-9031.26,-9031.26,-9031.26,-9031.26,-9031.26,-9031.26,-9031.26,-9031.26,-9031.26,-9031.26,-9031.26,-9031.26,-9031.26,0.660158,0.660158,0.672954,0.00371796,0.65239,0.658234,0.658442,0.660158,0.682066,0.691472,0.708744,0.660158,0.660158,0.672954,0.00371796,0.65239,0.658234,0.658442,0.660158,0.682066,0.691472,0.708744,0.204874,0.204874,0.214756,0.00463039,0.186727,0.200747,0.203243,0.211165,0.220049,0.222349,0.233268,0.203914,0.204874,0.21473,0.00463357,0.186602,0.200747,0.203243,0.211165,0.220049,0.222317,0.233612,0.71999,1.02661,0.691283,0.052577,0.0519642,0.195875,0.554737,0.757576,0.997611,1.0262,1.10613,0.789524,1.02661,0.691283,0.052577,0.0519642,0.195875,0.554737,0.757576,0.997611,1.0262,1.10613,0.000424152,0.00668226,0.00414543,0.000631542,0.0,0.000343394,0.000425228,0.00326722,0.00668226,0.00804111,0.011836,0.000594451,0.00668226,0.00414543,0.000631542,0.0,0.000343394,0.000425228,0.00326722,0.00668226,0.00804111,0.011836,-9999,-9999
202001,-8.098,1.0,-8.121,1.689,1.0,-9999,-9999,-9999,-9999,-9999,-9999,-9999,-9999,-8.098,1.0,-8.121,1.689,1.0,-9999,-9999,-9999,3.81357,1.059,1.0,-9999,1.059,1.0,-9999,-9999,-9999,-9999,-9999,197.086,1.0,-9999,197.086,1.0,0.324,1.0,-9999,0.324,1.0,-9999,-9999,-9999,-9999,-9999,-9999,-9999,-9999,-9999,0.5889878871836115,0.6465053763440859,3.9280241935483864,1.0,417.464,1.0,0.549,0.703,0.963,1.304,1.0,1.0,1.0,1.0,19.786,27.465,1.0,1.0,-1.58185,1.0,2.80903,-9999,-9999,0.246031,-30.703,-9999,-9999,0.853538,-9999,-9999,42.9677,5.03226,42.9677,7.42857,0.544447,0.547567,0.978495,0.978495,0.0120136,0.0120902,0.015331,0.0163367,0.542547,0.544043,0.978495,0.978495,0.011985,0.0119918,0.0153087,0.016264,0.543647,0.54314,0.97962,0.979234,0.00184633,0.00192481,0.523698,0.533032,0.540073,0.546668,0.551731,0.55208,0.553333,0.520287,0.53017,0.53929,0.546565,0.551885,0.552144,0.552921,0.977151,0.977151,0.978495,0.978495,0.978495,0.978495,0.978495,0.977151,0.977151,0.978495,0.978495,0.978495,0.978495,0.978495,0.523752,0.526599,0.190058,0.19148,0.975476,0.975476,0.012356,0.0124277,0.0145418,0.0158789,0.545416,0.551846,0.0991416,0.0997989,-4760.43,-4760.43,0.0326075,0.0330117,0.0340843,0.0343522,0.521969,0.523302,0.189747,0.190257,0.975476,0.975476,0.0123272,0.0123334,0.0145173,0.0158053,0.541727,0.545306,0.0979946,0.0991535,1.0,1.0,0.0325136,0.0325546,0.0339944,0.0339132,0.505297,0.516338,0.520353,0.525696,0.530335,0.531673,0.533038,0.503241,0.511595,0.51953,0.526005,0.53085,0.531363,0.532162,0.974132,0.974132,0.975476,0.975476,0.975476,0.975476,0.985407,0.974132,0.974132,0.975476,0.975476,0.975476,0.975476,0.985407,-3225.14,-3225.13,-3225.13,-3225.12,-3225.11,-3225.11,-3225.11,-3225.14,-3225.13,-3225.13,-3225.12,-3225.11,-3225.11,-3225.11,-3224.81,-3224.81,-3224.81,-3224.81,-3224.81,-3224.81,-3224.81,-3224.81,-3224.81,-3224.81,-3224.81,-3224.81,-3224.81,-3224.81,0.446868,0.446917,0.438708,0.00706574,0.344116,0.388225,0.433536,0.446838,0.470918,0.472135,0.479309,0.446868,0.446868,0.439933,0.00700591,0.344116,0.393347,0.433599,0.446868,0.470918,0.47246,0.47892,-0.0956793,-0.0971258,-0.104432,0.00525805,-0.188916,-0.135473,-0.10842,-0.0982247,-0.0833184,-0.0799742,-0.0736923,-0.102308,-0.0956793,-0.103714,0.00532135,-0.188916,-0.133446,-0.10661,-0.0978789,-0.0833184,-0.0798037,-0.0736186,0.270257,0.153935,0.199928,0.0084779,0.139027,0.151513,0.153295,0.190817,0.244004,0.270345,0.27873,0.240902,0.156111,0.20008,0.00845201,0.139027,0.151513,0.153295,0.190817,0.243621,0.270345,0.278892,0.000265861,0.000326996,0.00135404,0.000319352,0.000243703,0.000244401,0.000265861,0.00029114,0.0032545,0.00347858,0.00357551,0.000266524,0.000359508,0.00131378,0.00032488,0.00024374,0.000244516,0.000248655,0.000288405,0.000359508,0.00353445,0.00492664,-9999,-9999
202002,-8.211,1.0,-8.354,1.956,1.0,-7.963,1.097,1.0,-9999,-9999,-9999,-9999,-9999,-8.211,1.0,-8.354,1.956,1.0,-7.963,1.097,1.0,47.2388,16.053,1.0,-9999,16.053,1.0,-9999,-9999,-9999,-9999,-9999,215.065,1.0,-9999,215.065,1.0,0.316,1.0,-9999,0.316,1.0,-9999,-9999,-9999,-9999,-9999,-9999,-9999,-9999,-9999,0.6053042353738352,0.6544540229885056,34.13692528735633,1.0,419.265,1.0,0.287,0.43,0.677,0.997,1.0,1.0,1.0,1.0,18.883,27.06,1.0,1.0,-1.51343,1.0,2.09173,-9999,-9999,0.224988,-26.0964,-9999,-9999,0.841542,-9999,-9999,32.3448,15.6552,32.3448,15.6552,0.773862,0.776336,0.992098,0.992098,0.0118843,0.012033,0.0280881,0.0294026,0.765122,0.773057,0.992098,0.992098,0.0117244,0.0118551,0.0280209,0.0293302,0.767621,0.768673,0.991002,0.990679,0.00368768,0.00364365,0.734928,0.739063,0.744328,0.765122,0.782773,0.789963,0.809397,0.736009,0.739533,0.742953,0.765122,0.782928,0.793188,0.809397,0.997126,0.997126,0.99569,0.992098,0.992098,0.991379,0.981322,1.0,0.99569,0.997126,0.992098,0.992098,0.987069,0.981322,0.796045,0.799269,0.2519,0.248765,0.995722,0.995722,0.0138407,0.0140182,0.0340172,0.0354522,0.652519,0.653406,0.242897,0.242989,0.985776,0.985776,0.0203774,0.0206197,0.0243771,0.0246536,0.788355,0.794579,0.254335,0.251014,0.995722,0.995722,0.0136962,0.0138081,0.0339587,0.0353696,0.642829,0.652899,0.241956,0.240427,0.985776,0.985776,0.0199817,0.0203232,0.0240473,0.0244061,0.752835,0.75848,0.766164,0.788355,0.810944,0.820629,0.838213,0.755116,0.760312,0.765857,0.788355,0.811099,0.825438,0.838043,1.0,1.0,1.0,0.995722,0.995722,0.995722,0.98932,1.0,1.0,1.0,0.995722,0.995722,0.98932,0.98932,0.622973,0.626623,0.628453,0.645145,0.650054,0.653381,0.6623,0.622973,0.626953,0.628554,0.645268,0.651275,0.653981,0.666657,1.0,0.987931,0.991379,0.984052,0.985776,0.985776,0.96511,1.0,0.987931,0.987931,0.985776,0.960348,0.971736,0.96511,0.668904,0.669885,0.67215,0.00228094,0.650581,0.655107,0.661204,0.671126,0.681297,0.685196,0.691514,0.668904,0.668904,0.671434,0.00220926,0.654056,0.65554,0.659053,0.668904,0.677819,0.683647,0.691158,-0.0962187,-0.103173,-0.0965234,0.00282407,-0.135097,-0.108647,-0.106612,-0.0995704,-0.0855935,-0.0831769,-0.0646631,-0.0962187,-0.0962187,-0.0961864,0.00274982,-0.134159,-0.110467,-0.106612,-0.0962187,-0.0854181,-0.0834679,-0.069327,0.543605,0.510441,0.501247,0.00783433,0.406031,0.457822,0.492692,0.500982,0.520794,0.5448,0.56971,0.520794,0.494874,0.503379,0.00769032,0.406031,0.471082,0.492988,0.505325,0.520794,0.5448,0.56971,0.0202116,0.0325558,0.0242501,0.00168357,0.00738777,0.0176907,0.0202116,0.0212131,0.0246457,0.0422134,0.044143,0.0204085,0.0208392,0.0241916,0.00172311,0.00738777,0.0194087,0.0203458,0.0210671,0.0241579,0.0424394,0.0462197,-9999,-9999
202003,-5.297,1.0,-6.311,2.17,1.0,-4.292,1.969,1.0,-9999,-9999,-9999,-9999,-9999,-5.297,1.0,-6.311,2.17,1.0,-4.292,1.969,1.0,149.184,64.498,0.985887,-9999,64.498,0.985887,-9999,-9999,-9999,-9999,-9999,226.457,0.985887,-9999,226.457,0.985887,1.027,1.0,-9999,1.027,1.0,-9999,-9999,-9999,-9999,-9999,-9999,-9999,-9999,-9999,0.7567292935206916,0.7090053763440859,129.23270448858236,0.9744623655913977,419.076,1.0,0.195,0.327,0.545,0.834,1.0,1.0,1.0,1.0,18.562,26.742,1.0,1.0,-1.30746,1.0,7.58997,-9999,-9999,0.238145,9.89495,-9999,-9999,0.728564,-9999,-9999,24.1613,23.8387,24.1613,23.8387,0.52472,0.525086,0.963038,0.963038,0.0110096,0.0109902,0.0125397,0.0124142,0.524123,0.52548,0.96371,0.96371,0.0109053,0.0109978,0.0124482,0.0124209,0.524939,0.525648,0.965961,0.965927,0.000908766,0.000917835,0.515843,0.519339,0.521448,0.524007,0.528037,0.531344,0.535335,0.516646,0.519799,0.521448,0.524123,0.529911,0.531344,0.535137,0.972446,0.972446,0.968414,0.96371,0.959005,0.961022,0.961022,0.972446,0.972446,0.968414,0.96371,0.961694,0.961022,0.961022,0.597215,0.597777,0.256405,0.255283,0.965612,0.965612,0.0149896,0.0149713,0.0160057,0.015936,0.409968,0.409879,0.271373,0.272073,0.957774,0.957774,0.0150179,0.0149832,0.0158621,0.0159194,0.596954,0.596778,0.257134,0.256345,0.965612,0.965612,0.014854,0.0149779,0.0158789,0.0159422,0.408905,0.412201,0.270693,0.269899,0.95931,0.95931,0.014869,0.0149974,0.0157211,0.0159327,0.585941,0.5927,0.593958,0.598536,0.601032,0.603924,0.607579,0.589292,0.593706,0.596051,0.59856,0.601032,0.604627,0.609105,0.978537,0.978537,0.978537,0.965612,0.965612,0.969197,0.965612,0.978537,0.978537,0.97441,0.977343,0.965612,0.965612,0.965612,0.402754,0.404257,0.405252,0.408161,0.411721,0.414468,0.418862,0.402245,0.404398,0.405252,0.408391,0.414164,0.415155,0.421755,0.95643,0.965782,0.965782,0.957564,0.953174,0.957564,0.950692,0.95643,0.967153,0.965782,0.95931,0.957564,0.957564,0.94929,0.527956,0.527871,0.526161,0.00173383,0.497558,0.517575,0.523838,0.527956,0.532566,0.535484,0.539487,0.527956,0.527956,0.526325,0.00171041,0.497558,0.520955,0.524904,0.528054,0.532597,0.534218,0.53921,0.00383375,0.00239178,0.000513548,0.00221629,-0.030733,-0.017738,-0.00505156,0.00267052,0.00990873,0.0123838,0.0167703,0.00324657,0.00383375,0.00138666,0.00218291,-0.029283,-0.0157572,-0.00552399,0.00338328,0.0102035,0.0121559,0.0170338,0.518065,0.508617,0.51182,0.00189652,0.483771,0.501189,0.50572,0.513283,0.519708,0.522949,0.525117,0.507237,0.496345,0.509568,0.00188924,0.484229,0.496345,0.503278,0.51159,0.519402,0.520426,0.524826,0.0728672,0.0799076,0.0812578,0.002403,0.049036,0.0736608,0.0759664,0.0812778,0.0858783,0.0884485,0.106894,0.0764043,0.0783153,0.0794867,0.00269504,0.0306983,0.072947,0.0747185,0.0808214,0.0841887,0.0876702,0.106894,-9999,-9999
202004,-2.194,1.0,-3.923,1.21,1.0,-1.305,1.95,1.0,-9999,-9999,-9999,-9999,-9999,-2.194,1.0,-3.923,1.21,1.0,-1.305,1.95,1.0,285.78,123.07,0.999306,-9999,123.07,0.999306,-9999,-9999,-9999,-9999,-9999,240.853,0.999306,-9999,240.853,0.999306,1.615,1.0,-9999,1.615,1.0,-9999,-9999,-9999,-9999,-9999,-9999,-9999,-9999,-9999,0.7057863882375859,0.7986111111111112,266.3024053030303,0.9972222222222222,418.644,0.997222,0.273,0.387,0.567,0.812,1.0,1.0,1.0,1.0,19.46,26.799,1.0,1.0,-1.07847,1.0,13.532,-9999,-9999,0.261507,56.1602,-9999,-9999,0.693296,-9999,-9999,16.0667,31.9333,16.0667,31.9333,0.481732,0.479464,0.988194,0.988194,0.00852006,0.00854264,0.0113482,0.0112766,0.482877,0.482655,0.988194,0.988194,0.00849945,0.0084975,0.0113328,0.0112424,0.475792,0.475346,0.988299,0.988316,0.00106521,0.0010631,0.463185,0.46701,0.47025,0.478473,0.481732,0.482002,0.482877,0.463185,0.46701,0.468988,0.478442,0.480768,0.481732,0.482877,0.98125,0.983333,0.984722,0.993056,0.988194,0.988194,0.988194,0.98125,0.983333,0.984722,0.993056,0.988889,0.988194,0.988194,0.577313,0.57216,0.15271,0.151716,0.977147,0.977147,0.0138537,0.0139093,0.0213321,0.0212802,0.417301,0.416472,0.243964,0.243899,0.992269,0.992269,0.0101844,0.0102048,0.0107607,0.0109516,0.57992,0.579372,0.156107,0.153062,0.977147,0.977147,0.0137927,0.013792,0.0212926,0.0212037,0.417732,0.417711,0.2446,0.244603,0.992269,0.992269,0.0101692,0.010166,0.0107463,0.0109154,0.542306,0.548743,0.557595,0.571117,0.579605,0.581186,0.582836,0.542306,0.548975,0.557228,0.570018,0.577973,0.581186,0.582836,0.967359,0.967359,0.971062,0.997619,0.977147,0.997619,0.977147,0.967359,0.967359,0.969396,0.997619,0.997619,0.997619,0.977147,0.40694,0.409729,0.41052,0.414594,0.416016,0.416678,0.417732,0.407184,0.408523,0.41035,0.413738,0.415722,0.416472,0.417732,0.990205,0.990205,0.991186,0.991078,0.992269,0.991078,0.992269,0.990205,0.987218,0.990205,0.991078,0.992269,0.992269,0.992269,0.602837,0.602511,0.593815,0.0014023,0.57569,0.583527,0.587565,0.596997,0.600503,0.601321,0.603152,0.602837,0.602837,0.594766,0.00133344,0.575664,0.585909,0.588077,0.596997,0.600754,0.602354,0.603152,0.11996,0.119856,0.118469,0.000610445,0.10868,0.11453,0.116604,0.118825,0.120751,0.121508,0.124059,0.119208,0.11996,0.118973,0.000563956,0.108654,0.116315,0.117827,0.119527,0.120998,0.121202,0.124059,0.57834,0.576122,0.560278,0.00471752,0.496445,0.521167,0.537523,0.573537,0.579017,0.580041,0.585461,0.589561,0.577791,0.561193,0.00471079,0.496329,0.510764,0.558488,0.572197,0.578403,0.58038,0.587965,0.112994,0.12014,0.114864,0.00210849,0.0835945,0.105977,0.112041,0.117259,0.120025,0.122935,0.127962,0.116799,0.121711,0.114675,0.00214101,0.0837276,0.102339,0.112041,0.117264,0.121407,0.122935,0.126305,-9999,-9999
202005,3.463,1.0,0.297,-9999,1.0,3.953,2.566,1.0,-9999,-9999,-9999,-9999,-9999,3.463,1.0,0.297,-9999,1.0,3.953,2.566,1.0,414.056,214.144,0.990591,-9999,214.144,0.990591,-9999,-9999,-9999,-9999,-9999,267.312,0.990591,-9999,267.312,0.990591,3.226,1.0,-9999,3.226,1.0,-9999,-9999,-9999,-9999,-9999,-9999,-9999,-9999,-9999,-9999,-9999,456.02781327447775,0.9919354838709676,416.716,0.958333,0.462,0.508,0.59,0.763,1.0,1.0,1.0,1.0,27.792,35.446,1.0,1.0,-0.250134,1.0,18.5082,-9999,-9999,0.277706,88.6724,-9999,-9999,0.742164,-9999,-9999,6.96774,41.0323,6.96774,41.0,-0.39557,-0.389422,0.795027,0.794355,0.0165477,0.0164226,0.0775507,0.0777908,-0.391953,-0.385736,0.795699,0.797043,0.016547,0.016492,0.0775505,0.0778055,-0.437883,-0.438046,0.806872,0.806099,0.0108244,0.010749,-0.544732,-0.534493,-0.524544,-0.395231,-0.386806,-0.382964,-0.374286,-0.544732,-0.535039,-0.519729,-0.39557,-0.386318,-0.382964,-0.375699,0.880376,0.872984,0.87164,0.804435,0.823925,0.762769,0.783602,0.880376,0.87836,0.872312,0.795027,0.760753,0.762769,0.772177,1.15391,1.15237,0.304267,0.304113,0.605148,0.605148,0.0286433,0.0286166,0.298264,0.298008,-0.542366,-0.535337,1.20323,1.1964,0.81985,0.818978,0.0180099,0.017865,0.0591996,0.0588926,1.14116,1.15944,0.307422,0.30511,0.605148,0.605148,0.028306,0.0283041,0.298231,0.297978,-0.53583,-0.532048,1.18537,1.19011,0.820819,0.822173,0.0180244,0.0179603,0.059204,0.0589215,0.547787,0.566507,0.614664,1.14116,1.15391,1.16028,1.16475,0.548752,0.567164,0.614664,1.14117,1.1585,1.16043,1.16475,0.83695,0.83695,0.83695,0.605148,0.605148,0.605148,0.605148,0.83695,0.83695,0.83695,0.619746,0.599283,0.605148,0.605148,-0.652094,-0.64364,-0.626959,-0.540642,-0.533594,-0.530853,-0.519122,-0.652094,-0.642031,-0.621756,-0.542366,-0.533351,-0.529796,-0.520972,0.888714,0.893125,0.885642,0.771922,0.777991,0.78287,0.806688,0.888714,0.887842,0.886328,0.81985,0.782377,0.815355,0.792915,1.08363,1.10949,1.07893,0.0147902,0.931575,0.937313,0.944047,1.0912,1.13375,1.14123,1.20608,1.08363,1.08363,1.0742,0.0153279,0.931575,0.936969,0.938067,1.08997,1.1328,1.13461,1.25025,1.47558,1.49522,1.51698,0.00896852,1.46163,1.47007,1.47555,1.49421,1.53056,1.58526,1.60566,1.47798,1.47558,1.51208,0.00917688,1.4621,1.46989,1.47311,1.48993,1.51909,1.58498,1.65584,1.01269,0.938671,0.987609,0.0365031,0.6648,0.76279,0.815459,0.958539,1.05172,1.27963,1.40474,0.915043,0.965801,0.989999,0.0364582,0.645709,0.762674,0.815193,0.961994,1.15543,1.27963,1.40474,1.50125,1.46464,1.45977,0.0256027,1.23152,1.29515,1.34642,1.42525,1.50853,1.66682,1.72922,1.44814,1.4975,1.46694,0.0257186,1.21407,1.29896,1.34922,1.42519,1.63302,1.66286,1.696,-9999,-9999
202006,13.413,1.0,-9999,-9999,-9999,13.413,3.572,1.0,-9999,-9999,-9999,-9999,-9999,13.413,1.0,-9999,-9999,-9999,13.413,3.572,1.0,484.135,239.155,1.0,-9999,239.155,1.0,-9999,-9999,-9999,-9999,-9999,334.29,1.0,-9999,334.29,1.0,7.535,1.0,-9999,7.535,1.0,-9999,-9999,-9999,-9999,-9999,-9999,-9999,-9999,-9999,0.5727915175693002,0.6826388888888889,517.2421712149245,0.9979166666666667,409.547,0.999306,8.063,7.473,6.338,4.93,1.0,1.0,1.0,1.0,26.759,37.033,1.0,1.0,8.55771,1.0,48.9315,-9999,-9999,0.540088,109.501,-9999,-9999,1.03125,-9999,-9999,0.0,48.0,0.0,47.8,-1.37303,-1.36753,0.972222,0.970139,0.0258877,0.0255235,0.0407087,0.0393212,-1.36029,-1.37251,0.972222,0.972222,0.0259871,0.0259664,0.040772,0.0396102,-1.39084,-1.38939,0.962344,0.96158,0.00464176,0.00428336,-1.44703,-1.42907,-1.41888,-1.38562,-1.36913,-1.36623,-1.35001,-1.44265,-1.4259,-1.40869,-1.38584,-1.36713,-1.36608,-1.34938,0.984028,0.9375,0.904861,0.977083,0.970139,0.972222,0.959028,0.942361,0.984028,0.93125,0.972917,0.972917,0.972222,0.965278,0.0,0.0,0.0,0.0,-299970.0,-299970.0,-9999,-9999,-9999,-9999,-1.32312,-1.31782,3.13035,3.14022,0.972222,0.970139,0.0249466,0.0245957,0.0392288,0.0378918,0.0,0.0,0.0,0.0,0.0,0.0,-9999,-9999,-9999,-9999,-1.31084,-1.32262,3.12431,3.12887,0.972222,0.972222,0.0250424,0.0250225,0.0392898,0.0381702,-9999,-9999,-9999,-9999,-9999,-9999,-9999,-9999,-9999,-9999,-9999,-9999,-9999,-9999,0.0,0.0,0.0,0.0,0.0,0.0,0.0,0.0,0.0,0.0,0.0,0.0,0.0,0.0,-1.39442,-1.37712,-1.36729,-1.33525,-1.31935,-1.31657,-1.30093,-1.3902,-1.37406,-1.35748,-1.33546,-1.31743,-1.31642,-1.30033,0.984028,0.9375,0.904861,0.977083,0.970139,0.972222,0.959028,0.942361,0.984028,0.93125,0.972917,0.972917,0.972222,0.965278,3.33614,3.37113,3.36998,0.0396009,3.13881,3.14376,3.14521,3.35744,3.38465,3.40401,3.93036,3.33614,3.33614,3.36472,0.0411675,3.13862,3.14358,3.14484,3.33741,3.38196,3.39996,4.04804,4.69643,4.74364,4.75937,0.0403847,4.51226,4.53169,4.56471,4.72641,4.79006,4.8234,5.33905,4.69837,4.69643,4.75556,0.0416868,4.51217,4.5292,4.57384,4.7143,4.76684,4.80362,5.45917,3.27431,3.03774,3.35413,0.0580194,2.84724,2.93149,3.10136,3.27455,3.52856,3.63795,4.14349,3.34166,2.93149,3.32839,0.0622806,2.68932,2.91788,2.99311,3.28015,3.51411,3.61846,4.15844,4.94913,4.89548,5.04286,0.0443109,4.67295,4.7697,4.80776,4.93876,5.3007,5.39434,5.54079,4.93876,4.7697,5.02522,0.045992,4.64611,4.75098,4.79185,4.90472,5.26542,5.33904,5.55604,-9999,-9999
202007,12.826,1.0,-9999,-9999,-9999,13.033,2.472,1.0,-9999,-9999,-9999,-9999,-9999,12.826,1.0,-9999,-9999,-9999,13.033,2.472,1.0,446.925,160.098,1.0,-9999,160.098,1.0,-9999,-9999,-9999,-9999,-9999,354.316,1.0,-9999,354.316,1.0,3.491,1.0,-9999,3.491,1.0,-9999,-9999,-9999,-9999,-9999,-9999,-9999,-9999,-9999,0.4948437108278198,0.6733870967741936,351.3985215053764,1.0,532.356,0.997984,10.254,9.81,8.868,7.668,1.0,1.0,1.0,1.0,23.037,33.395,1.0,1.0,6.5246,1.0,65.4297,-9999,-9999,0.969895,57.0545,-9999,-9999,1.33084,-9999,-9999,3.29032,44.7097,5.1,44.2903,0.253174,0.261734,0.913978,0.913306,0.0409009,0.0415664,0.0710866,0.0760083,0.233286,0.226516,0.922043,0.918683,0.040996,0.0409536,0.0711414,0.0756749,0.247121,0.251841,0.898589,0.895884,0.0108242,0.0110916,0.142556,0.181815,0.20581,0.236236,0.266691,0.298098,0.395208,0.151342,0.180564,0.211014,0.240478,0.270192,0.307835,0.39905,0.829301,0.935484,0.929435,0.921371,0.866263,0.801747,0.987231,0.822581,0.94086,0.94086,0.862231,0.868952,0.788978,0.987231,6.07114,6.07114,0.462501,0.462501,-5498.49,-5498.49,0.18379,0.184882,0.220515,0.215974,-0.194693,-0.186577,4.30036,4.31569,0.913599,0.912831,0.0400791,0.0407792,0.0634819,0.0720825,6.06618,6.07011,0.462501,0.462501,0.9625,0.9625,0.183575,0.18379,0.220336,0.21504,-0.213739,-0.220268,4.30859,4.31725,0.9219,0.918406,0.0401897,0.0401368,0.0635517,0.071721,-3544.32,-3544.28,-3544.24,-3544.15,-3544.11,-3544.04,-3543.85,-3544.32,-3544.28,-3544.24,-3544.15,-3544.12,-3544.06,-3543.82,-3547.56,-3547.4,-3547.4,-3547.4,-3547.52,-3547.49,-3547.39,-3547.56,-3547.4,-3547.4,-3547.4,-3547.41,-3547.52,-3547.39,-0.281028,-0.245062,-0.233133,-0.201079,-0.177821,-0.146602,-0.0516726,-0.281028,-0.245062,-0.223164,-0.196757,-0.173755,-0.126185,-0.0476116,0.833514,0.929461,0.941282,0.876232,0.972371,0.811418,0.986718,0.833514,0.929461,0.923513,0.867092,0.844286,0.79608,0.986718,5.68106,5.73031,5.54638,0.0634624,5.24533,5.27283,5.27376,5.52615,5.69034,5.7494,6.39202,5.68106,5.68106,5.54018,0.063246,5.22827,5.27309,5.27452,5.51447,5.69015,5.72986,6.37028,5.44778,5.50379,5.29454,0.0659582,4.86789,5.01093,5.05098,5.25783,5.46676,5.57072,6.12212,5.39753,5.44778,5.29306,0.0662398,4.86006,5.01093,5.05577,5.28327,5.45556,5.49796,6.11232,6.20384,6.63255,5.99182,0.070206,5.12985,5.3843,5.63514,6.08223,6.30511,6.33162,6.54968,6.23651,6.6494,6.01703,0.0680706,5.18451,5.44525,5.65501,6.13342,6.31929,6.39854,6.54742,5.90595,6.41353,5.79052,0.0504219,5.25838,5.36719,5.57922,5.83255,5.9375,6.10534,6.27488,5.83255,6.42463,5.8094,0.0513656,5.1506,5.41667,5.63317,5.82835,5.94897,6.12553,6.37481,-9999,-9999
202008,11.876,1.0,9.88,1.502,1.0,12.588,2.38,1.0,-9999,-9999,-9999,-9999,-9999,11.876,1.0,9.88,1.502,1.0,12.588,2.38,1.0,330.809,134.163,1.0,-9999,134.163,1.0,-9999,-9999,-9999,-9999,-9999,344.908,1.0,-9999,344.908,1.0,3.498,1.0,-9999,3.498,1.0,-9999,-9999,-9999,-9999,-9999,-9999,-9999,-9999,-9999,0.547500783971613,0.711021505376344,292.3253360215054,1.0,537.118,1.0,10.29,10.062,9.531,8.791,1.0,1.0,1.0,1.0,18.459,28.178,1.0,1.0,2.88952,1.0,55.3369,-9999,-9999,0.712389,42.4742,-9999,-9999,0.71826,-9999,-9999,13.1613,34.8387,13.1613,34.7419,-0.00623281,-0.0158796,0.956989,0.952285,0.0400292,0.0396826,0.0547184,0.0538948,-0.0155722,0.000235058,0.959677,0.959677,0.0400375,0.0398527,0.0547245,0.0540202,-0.00587116,-0.00193262,0.948572,0.947144,0.00698267,0.00777169,-0.0492487,-0.0391427,-0.0357556,-0.0218378,-0.000524961,0.0354702,0.0916274,-0.0450181,-0.0370863,-0.0338784,-0.0210893,-0.0023176,0.0358504,0.110907,0.989247,0.984543,0.989919,0.950269,0.927419,0.897849,0.851478,0.989247,0.985887,0.987903,0.952285,0.927419,0.897849,0.889785,5.11204,5.11531,0.663631,0.663426,0.94056,0.94056,0.0643514,0.0644988,0.192757,0.190456,-1.93598,-1.95,4.26546,4.26879,0.960974,0.955032,0.0472675,0.0467199,0.0623588,0.0626633,5.06981,5.11204,0.68662,0.663631,0.94056,0.94056,0.0648879,0.0643216,0.192937,0.190396,-1.93603,-1.92808,4.25873,4.25714,0.964417,0.964417,0.0471782,0.0470095,0.0622911,0.0628796,4.8592,4.94525,4.97383,5.06981,5.19053,5.30865,5.33875,4.91338,4.9659,4.97445,5.06981,5.21108,5.32431,5.34019,0.983065,0.985081,0.985081,0.94056,0.907226,0.823355,0.823355,0.985081,0.987097,0.987097,0.94056,0.907226,0.823355,0.823355,-1.98512,-1.96622,-1.95156,-1.93019,-1.91757,-1.88487,-1.8467,-1.98512,-1.96639,-1.95253,-1.9301,-1.91668,-1.88287,-1.84426,0.93206,0.93206,0.955032,0.969426,0.986276,0.994859,0.994859,0.93206,0.93206,0.919369,0.969426,0.987125,0.994859,0.910323,5.6738,5.80722,5.80367,0.0641761,5.43121,5.50349,5.52188,5.58762,5.81452,6.38476,6.69078,5.6738,5.6738,5.77735,0.0632941,5.38346,5.46169,5.50964,5.59552,5.81318,6.34305,6.7392,5.68937,5.80698,5.8056,0.0569719,5.45802,5.52401,5.55763,5.6215,5.82781,6.3384,6.57987,5.59249,5.68937,5.78322,0.0568796,5.42387,5.49863,5.54462,5.61334,5.81441,6.30758,6.62547,5.14462,5.75949,5.28811,0.0624498,4.61061,4.74713,5.10841,5.19953,5.62859,5.71163,5.92456,5.06987,5.74447,5.24409,0.0611899,4.59797,4.7378,5.086,5.17815,5.49689,5.69835,5.80224,5.54677,5.6814,5.58721,0.0358694,5.26669,5.30471,5.41604,5.60847,5.66717,5.69603,6.12181,5.47421,5.69554,5.5462,0.0336753,5.23886,5.30919,5.37211,5.55836,5.66097,5.67656,5.69499,-9999,-9999
202009,7.05,1.0,5.754,1.311,1.0,8.032,1.917,1.0,-9999,-9999,-9999,-9999,-9999,7.05,1.0,5.754,1.311,1.0,8.032,1.917,1.0,194.671,74.326,1.0,-9999,74.326,1.0,-9999,-9999,-9999,-9999,-9999,311.455,1.0,-9999,311.455,1.0,1.678,1.0,-9999,1.678,1.0,-9999,-9999,-9999,-9999,-9999,-9999,-9999,-9999,-9999,0.6027595472985519,0.8222222222222224,161.61309692671395,0.9986111111111111,462.535,1.0,7.013,7.08,7.144,7.157,1.0,1.0,1.0,1.0,17.682,27.677,1.0,1.0,-0.548958,1.0,27.293,-9999,-9999,0.588842,9.51419,-9999,-9999,0.655042,-9999,-9999,21.2667,26.7333,21.2333,26.7333,0.467425,0.469082,0.990972,0.990278,0.0338729,0.0337888,0.0372162,0.0387142,0.474311,0.472275,0.990972,0.990972,0.0336895,0.0338418,0.0370494,0.0387604,0.473272,0.472958,0.991337,0.991181,0.00280944,0.00273635,0.429427,0.460529,0.467425,0.4741,0.483187,0.491362,0.495334,0.432462,0.453043,0.465586,0.472629,0.483187,0.490838,0.494971,0.989583,0.990278,0.990972,0.990972,0.993056,0.993056,0.986806,0.989583,0.989583,0.990278,0.990278,0.993056,0.993056,0.993056,2.84775,2.85097,0.549919,0.541141,1.0,1.0,0.0419844,0.0421388,0.058553,0.0558227,-1.34148,-1.3414,2.65371,2.65067,0.9832,0.982009,0.0481472,0.0478848,0.0530434,0.0528181,2.85026,2.85,0.550747,0.549692,1.0,1.0,0.0417316,0.041861,0.058372,0.0556134,-1.3309,-1.33448,2.65352,2.65663,0.9832,0.9832,0.0479006,0.0481495,0.0528196,0.0530582,2.77776,2.78616,2.84372,2.85353,2.86231,2.86778,2.87359,2.77776,2.79456,2.84326,2.85438,2.86438,2.86778,2.8735,1.0,1.0,1.0,1.0,1.0,1.0,1.0,1.0,1.0,1.0,1.0,1.0,1.0,1.0,-1.35981,-1.35355,-1.34922,-1.33358,-1.31362,-1.30903,-1.29884,-1.36086,-1.35355,-1.34882,-1.33347,-1.31398,-1.30897,-1.29292,0.981119,0.982009,0.986771,0.986771,0.986771,0.986771,0.974874,0.981119,0.982009,0.986771,0.986771,0.986771,0.986771,0.978103,3.15943,3.16193,3.15942,0.00978244,3.07804,3.11249,3.13744,3.15208,3.1695,3.23277,3.25238,3.15943,3.15943,3.15804,0.00989005,3.07135,3.11002,3.13542,3.15036,3.16878,3.23279,3.24907,2.68512,2.68965,2.68646,0.00980508,2.59744,2.64191,2.65362,2.67867,2.70533,2.76014,2.78075,2.68375,2.68512,2.68477,0.00992028,2.59744,2.63496,2.65362,2.67867,2.70831,2.76259,2.78166,3.1347,3.17764,3.22919,0.0249375,2.93011,3.15038,3.16714,3.21352,3.2783,3.37273,3.45312,3.22875,3.17353,3.23782,0.0236754,3.0281,3.14167,3.16507,3.21228,3.29468,3.39718,3.45333,2.87965,2.90698,2.89815,0.0136349,2.73473,2.83338,2.85248,2.89198,2.94588,2.97803,3.01891,2.87919,2.90094,2.90512,0.0130333,2.79663,2.84262,2.85814,2.89031,2.95398,2.98418,3.02635,-9999,-9999
202010,1.365,1.0,1.158,0.955,1.0,1.707,0.589,1.0,-9999,-9999,-9999,-9999,-9999,1.365,1.0,1.158,0.955,1.0,1.707,0.589,1.0,78.1813,13.811,1.0,-9999,13.811,1.0,-9999,-9999,-9999,-9999,-9999,280.795,1.0,-9999,280.795,1.0,0.133,1.0,-9999,0.133,1.0,-9999,-9999,-9999,-9999,-9999,-9999,-9999,-9999,-9999,0.4327816881033931,0.5275537634408602,31.748588709677424,1.0,420.366,1.0,4.363,4.588,4.989,5.38,1.0,1.0,1.0,1.0,20.932,28.966,1.0,1.0,-2.84763,1.0,5.63251,-9999,-9999,0.396347,-10.1067,-9999,-9999,0.38235,-9999,-9999,29.129,18.871,29.129,18.8387,1.34135,1.34402,0.96371,0.963038,0.0213067,0.0216301,0.036087,0.0366195,1.34129,1.34265,0.96371,0.96371,0.0213383,0.0213063,0.0361057,0.0364291,1.3132,1.31301,0.947631,0.94622,0.00908966,0.00918216,1.13525,1.28747,1.31683,1.32945,1.34163,1.34573,1.35332,1.13525,1.28724,1.31458,1.32741,1.34402,1.34634,1.35184,0.854839,0.908602,0.959005,0.962366,0.964382,0.965054,0.965054,0.854839,0.908602,0.959005,0.96707,0.963038,0.965054,0.964382,1.54103,1.53605,0.215972,0.210282,0.992905,0.992905,0.026362,0.0267503,0.0312534,0.0312129,0.935121,0.947238,0.544124,0.553608,0.916367,0.914901,0.032736,0.0332554,0.0649116,0.0707157,1.53649,1.54151,0.2181,0.216132,0.992905,0.992905,0.0267436,0.0263618,0.0315759,0.0308806,0.940052,0.937208,0.542948,0.542914,0.916367,0.916367,0.0321138,0.0327344,0.0646001,0.0704722,1.37803,1.502,1.51094,1.51803,1.52908,1.53557,1.54103,1.37803,1.502,1.51025,1.51698,1.5245,1.53416,1.54103,0.871348,0.881686,0.968467,0.988639,0.992905,0.992905,0.992905,0.871348,0.881686,0.968467,0.97263,0.992905,0.973607,0.992905,0.698318,0.85872,0.915459,0.935121,0.947238,0.970825,1.00914,0.698318,0.85872,0.914827,0.935062,0.960836,0.983537,1.00882,0.838854,0.888513,0.911612,0.916367,0.914901,0.976703,0.964414,0.838854,0.888513,0.911612,0.911612,0.976703,0.971864,0.962801,1.64959,1.64794,1.63474,0.00518365,1.54828,1.62578,1.63127,1.64226,1.64876,1.65417,1.6565,1.64959,1.64576,1.63509,0.00523574,1.54828,1.62641,1.63182,1.64349,1.64959,1.65403,1.65902,0.303863,0.305292,0.321727,0.00601902,0.282489,0.290497,0.300277,0.309876,0.324802,0.345213,0.413025,0.305252,0.304473,0.321892,0.00550321,0.281473,0.291592,0.301698,0.308756,0.328088,0.34797,0.406899,1.50216,1.56443,1.61158,0.0183011,1.41904,1.49516,1.51494,1.5931,1.69964,1.74182,1.77745,1.70116,1.57523,1.60828,0.0189049,1.40716,1.47367,1.50402,1.59604,1.69964,1.71943,1.78603,0.514045,0.45542,0.451889,0.0093772,0.27858,0.411659,0.430576,0.443168,0.476539,0.514045,0.53556,0.513726,0.46535,0.452696,0.00804818,0.389473,0.408454,0.429193,0.443168,0.466019,0.513164,0.536968,-9999,-9999
202011,-1.725,1.0,-1.747,1.325,1.0,-1.702,0.438,1.0,-9999,-9999,-9999,-9999,-9999,-1.725,1.0,-1.747,1.325,1.0,-1.702,0.438,1.0,12.4621,2.896,1.0,-9999,2.896,1.0,-9999,-9999,-9999,-9999,-9999,251.534,1.0,-9999,251.534,1.0,0.332,1.0,-9999,0.332,1.0,-9999,-9999,-9999,-9999,-9999,-9999,-9999,-9999,-9999,0.750622665752716,0.5222222222222221,8.610347222222224,1.0,404.364,1.0,1.012,1.334,1.959,2.683,1.0,1.0,1.0,1.0,22.896,31.381,1.0,1.0,-4.15785,1.0,5.63239,-9999,-9999,0.360392,-27.648,-9999,-9999,0.681,-9999,-9999,38.4333,9.56667,38.4,9.56667,0.89846,0.900591,0.983333,0.983333,0.0152925,0.0152714,0.0219115,0.0214866,0.896335,0.89846,0.983333,0.983333,0.0152575,0.0152925,0.0218871,0.0215016,0.904244,0.904814,0.985069,0.984653,0.00268159,0.00265993,0.879385,0.888064,0.893647,0.897995,0.915453,0.919449,0.934155,0.881541,0.890482,0.893489,0.897995,0.918114,0.920712,0.926853,0.998611,1.0,0.983333,0.983333,0.983333,0.983333,0.980556,0.998611,0.983333,0.983333,0.983333,0.983333,0.983333,0.980556,0.907767,0.908247,0.346075,0.346223,0.981782,0.981782,0.0163187,0.0163119,0.022068,0.0216967,0.709784,0.71573,0.265105,0.263552,0.988636,0.988636,0.0341892,0.0340221,0.0381136,0.0379592,0.905521,0.907767,0.346971,0.346075,0.981782,0.981782,0.0162809,0.0163187,0.0220401,0.0217019,0.708708,0.709784,0.264949,0.265105,0.988636,0.988636,0.034115,0.0341892,0.038047,0.038109,0.889725,0.896147,0.900487,0.906251,0.92124,0.925859,0.939066,0.891018,0.897448,0.900487,0.906389,0.923642,0.926061,0.93116,1.0,0.981782,0.981782,0.981782,0.981782,0.981782,0.979029,1.0,0.981782,0.981782,0.981782,0.981782,0.981782,0.979029,0.692735,0.706475,0.71246,0.717339,0.733293,0.740164,0.749219,0.694006,0.708708,0.714237,0.718884,0.734312,0.742376,0.749219,0.994192,0.988636,0.988636,0.988636,0.988636,0.988636,0.988636,0.994192,0.988636,0.988636,0.988636,0.988636,0.988636,0.988636,0.955877,0.959988,0.957184,0.00279652,0.928218,0.938234,0.941907,0.955877,0.972943,0.978384,0.98018,0.954263,0.955877,0.956407,0.00276918,0.928395,0.934996,0.941907,0.954263,0.971339,0.975118,0.98018,0.0595426,0.0615275,0.0523703,0.00129026,0.0412631,0.046895,0.0474403,0.0498401,0.0598638,0.0615395,0.0629,0.0571624,0.0595426,0.0521633,0.00134814,0.0378967,0.0436245,0.0474994,0.0499041,0.0598276,0.061288,0.0637396,0.949032,0.968604,0.943148,0.00676141,0.844901,0.899136,0.916801,0.951746,0.972442,0.988952,0.990663,0.94622,0.971103,0.937378,0.00737081,0.834056,0.88311,0.913005,0.950974,0.970154,0.979052,0.989492,0.0614825,0.0727212,0.0635925,0.00109298,0.0496329,0.0558531,0.0600242,0.0629787,0.0693115,0.0697741,0.0724404,0.0612737,0.0725861,0.0630332,0.00122671,0.0493903,0.0505907,0.0567627,0.0637457,0.0693782,0.0699401,0.0725941,-9999,-9999
202012,-6.171,1.0,-6.171,1.405,1.0,-9999,-9999,-9999,-9999,-9999,-9999,-9999,-9999,-6.171,1.0,-6.171,1.405,1.0,-9999,-9999,-9999,0.00371063,0.065,1.0,-9999,0.065,1.0,-9999,-9999,-9999,-9999,-9999,194.361,1.0,-9999,194.361,1.0,0.125,1.0,-9999,0.125,1.0,-9999,-9999,-9999,-9999,-9999,-9999,-9999,-9999,-9999,0.5415749459506081,0.5551075268817205,1.194220430107527,1.0,420.024,1.0,0.117,0.396,0.88,1.482,1.0,1.0,1.0,1.0,19.475,28.684,1.0,1.0,-2.89039,1.0,0.390409,-9999,-9999,0.10745,-2.45679,-9999,-9999,0.42019,-9999,-9999,47.871,0.129032,47.871,2.0,0.654287,0.654366,0.986559,0.984543,0.00972799,0.00978088,0.0237538,0.0240393,0.654345,0.654842,0.986559,0.986559,0.00969311,0.00969351,0.0237396,0.0240039,0.658417,0.659761,0.984694,0.984896,0.00559879,0.00534249,0.619118,0.629259,0.631612,0.653663,0.665514,0.6726,0.740073,0.626983,0.629583,0.631503,0.654287,0.66697,0.673502,0.7384,0.983871,0.983871,0.984543,0.986559,0.985215,0.97379,0.997312,0.983871,0.983871,0.983871,0.986559,0.985215,0.97379,0.99664,0.631274,0.630912,0.140888,0.137921,0.986559,0.984543,0.00938123,0.00943579,0.0220589,0.0223272,0.658345,0.767924,0.19352,0.0118893,-144984.0,-144984.0,0.218034,0.196989,0.218573,0.19761,0.63133,0.631809,0.14116,0.14103,0.986559,0.986559,0.00934752,0.00934784,0.0220446,0.0222902,0.658345,0.658345,0.19352,0.19352,1.0,1.0,0.217663,0.218034,0.218202,0.218595,0.598708,0.608482,0.610748,0.630673,0.64159,0.648412,0.713378,0.606287,0.608797,0.610644,0.630912,0.642996,0.649267,0.71178,0.983871,0.983871,0.984543,0.986559,0.985215,0.97379,0.997312,0.983871,0.983871,0.983871,0.984543,0.985215,0.97379,0.99664,-9353.88,-9353.88,-9353.88,-9353.86,-9353.85,-9353.85,-9353.85,-9353.88,-9353.88,-9353.88,-9353.86,-9353.85,-9353.85,-9353.85,-9353.84,-9353.84,-9353.84,-9353.84,-9353.84,-9353.84,-9353.84,-9353.84,-9353.84,-9353.84,-9353.84,-9353.84,-9353.84,-9353.84,0.636313,0.635197,0.63462,0.00351188,0.594795,0.614447,0.61788,0.636313,0.648052,0.654903,0.670337,0.636313,0.636313,0.635673,0.00423071,0.589783,0.598138,0.61606,0.636313,0.650626,0.655463,0.670337,-0.0180313,-0.0196443,-0.0251409,0.00809289,-0.139898,-0.0661248,-0.0547615,-0.0180313,0.0118268,0.0245908,0.0407535,-0.0158968,-0.0180313,-0.0227443,0.00912612,-0.163651,-0.0661248,-0.0494546,-0.0173496,0.014472,0.0256443,0.0427624,0.734999,0.657481,0.665353,0.00832696,0.526289,0.619304,0.649095,0.66068,0.695822,0.697121,0.734617,0.733545,0.656235,0.659358,0.00884855,0.524751,0.618324,0.649051,0.659582,0.695783,0.697121,0.733727,0.000531741,0.000597504,0.000645625,4.40599e-05,0.0,0.000382586,0.000532005,0.00060963,0.000791196,0.000836986,0.00105403,0.000527499,0.000590859,0.000615929,4.55521e-05,0.0,0.00037758,0.000531741,0.000603976,0.000791196,0.00079999,0.00105342,-9999,-9999
