TIMESTAMP,TA_F_MDS,TA_F_MDS_QC,TA_F_MDS_NIGHT,TA_F_MDS_NIGHT_SD,TA_F_MDS_NIGHT_QC,TA_F_MDS_DAY,TA_F_MDS_DAY_SD,TA_F_MDS_DAY_QC,TA_ERA,TA_ERA_NIGHT,TA_ERA_NIGHT_SD,TA_ERA_DAY,TA_ERA_DAY_SD,TA_F,TA_F_QC,TA_F_NIGHT,TA_F_NIGHT_SD,TA_F_NIGHT_QC,TA_F_DAY,TA_F_DAY_SD,TA_F_DAY_QC,SW_IN_POT,SW_IN_F_MDS,SW_IN_F_MDS_QC,SW_IN_ERA,SW_IN_F,SW_IN_F_QC,LW_IN_F_MDS,LW_IN_F_MDS_QC,LW_IN_ERA,LW_IN_F,LW_IN_F_QC,LW_IN_JSB,LW_IN_JSB_QC,LW_IN_JSB_ERA,LW_IN_JSB_F,LW_IN_JSB_F_QC,VPD_F_MDS,VPD_F_MDS_QC,VPD_ERA,VPD_F,VPD_F_QC,PA_ERA,PA_F,PA_F_QC,P_ERA,P_F,P_F_QC,WS_ERA,WS_F,WS_F_QC,USTAR,USTAR_QC,NETRAD,NETRAD_QC,PPFD_IN,PPFD_IN_QC,CO2_F_MDS,CO2_F_MDS_QC,TS_F_MDS_1,TS_F_MDS_1_QC,SWC_F_MDS_1,SWC_F_MDS_1_QC,G_F_MDS,G_F_MDS_QC,LE_F_MDS,LE_F_MDS_QC,LE_CORR,LE_RANDUNC,H_F_MDS,H_F_MDS_QC,H_CORR,H_RANDUNC,EBC_CF_N,EBC_CF_METHOD,NIGHT_D,DAY_D,NIGHT_RANDUNC_N,DAY_RANDUNC_N,NEE_CUT_REF,NEE_VUT_REF,NEE_CUT_REF_QC,NEE_VUT_REF_QC,NEE_CUT_REF_RANDUNC,NEE_VUT_REF_RANDUNC,NEE_CUT_REF_JOINTUNC,NEE_VUT_REF_JOINTUNC,NEE_CUT_USTAR50,NEE_VUT_USTAR50,NEE_CUT_USTAR50_QC,NEE_VUT_USTAR50_QC,NEE_CUT_USTAR50_RANDUNC,NEE_VUT_USTAR50_RANDUNC,NEE_CUT_USTAR50_JOINTUNC,NEE_VUT_USTAR50_JOINTUNC,NEE_CUT_MEAN,NEE_VUT_MEAN,NEE_CUT_MEAN_QC,NEE_VUT_MEAN_QC,NEE_CUT_SE,NEE_VUT_SE,NEE_CUT_05,NEE_CUT_16,NEE_CUT_25,NEE_CUT_50,NEE_CUT_75,NEE_CUT_84,NEE_CUT_95,NEE_VUT_05,NEE_VUT_16,NEE_VUT_25,NEE_VUT_50,NEE_VUT_75,NEE_VUT_84,NEE_VUT_95,NEE_CUT_05_QC,NEE_CUT_16_QC,NEE_CUT_25_QC,NEE_CUT_50_QC,NEE_CUT_75_QC,NEE_CUT_84_QC,NEE_CUT_95_QC,NEE_VUT_05_QC,NEE_VUT_16_QC,NEE_VUT_25_QC,NEE_VUT_50_QC,NEE_VUT_75_QC,NEE_VUT_84_QC,NEE_VUT_95_QC,NEE_CUT_REF_NIGHT,NEE_VUT_REF_NIGHT,NEE_CUT_REF_NIGHT_SD,NEE_VUT_REF_NIGHT_SD,NEE_CUT_REF_NIGHT_QC,NEE_VUT_REF_NIGHT_QC,NEE_CUT_REF_NIGHT_RANDUNC,NEE_VUT_REF_NIGHT_RANDUNC,NEE_CUT_REF_NIGHT_JOINTUNC,NEE_VUT_REF_NIGHT_JOINTUNC,NEE_CUT_REF_DAY,NEE_VUT_REF_DAY,NEE_CUT_REF_DAY_SD,NEE_VUT_REF_DAY_SD,NEE_CUT_REF_DAY_QC,NEE_VUT_REF_DAY_QC,NEE_CUT_REF_DAY_RANDUNC,NEE_VUT_REF_DAY_RANDUNC,NEE_CUT_REF_DAY_JOINTUNC,NEE_VUT_REF_DAY_JOINTUNC,NEE_CUT_USTAR50_NIGHT,NEE_VUT_USTAR50_NIGHT,NEE_CUT_USTAR50_NIGHT_SD,NEE_VUT_USTAR50_NIGHT_SD,NEE_CUT_USTAR50_NIGHT_QC,NEE_VUT_USTAR50_NIGHT_QC,NEE_CUT_USTAR50_NIGHT_RANDUNC,NEE_VUT_USTAR50_NIGHT_RANDUNC,NEE_CUT_USTAR50_NIGHT_JOINTUNC,NEE_VUT_USTAR50_NIGHT_JOINTUNC,NEE_CUT_USTAR50_DAY,NEE_VUT_USTAR50_DAY,NEE_CUT_USTAR50_DAY_SD,NEE_VUT_USTAR50_DAY_SD,NEE_CUT_USTAR50_DAY_QC,NEE_VUT_USTAR50_DAY_QC,NEE_CUT_USTAR50_DAY_RANDUNC,NEE_VUT_USTAR50_DAY_RANDUNC,NEE_CUT_USTAR50_DAY_JOINTUNC,NEE_VUT_USTAR50_DAY_JOINTUNC,NEE_CUT_05_NIGHT,NEE_CUT_16_NIGHT,NEE_CUT_25_NIGHT,NEE_CUT_50_NIGHT,NEE_CUT_75_NIGHT,NEE_CUT_84_NIGHT,NEE_CUT_95_NIGHT,NEE_VUT_05_NIGHT,NEE_VUT_16_NIGHT,NEE_VUT_25_NIGHT,NEE_VUT_50_NIGHT,NEE_VUT_75_NIGHT,NEE_VUT_84_NIGHT,NEE_VUT_95_NIGHT,NEE_CUT_05_NIGHT_QC,NEE_CUT_16_NIGHT_QC,NEE_CUT_25_NIGHT_QC,NEE_CUT_50_NIGHT_QC,NEE_CUT_75_NIGHT_QC,NEE_CUT_84_NIGHT_QC,NEE_CUT_95_NIGHT_QC,NEE_VUT_05_NIGHT_QC,NEE_VUT_16_NIGHT_QC,NEE_VUT_25_NIGHT_QC,NEE_VUT_50_NIGHT_QC,NEE_VUT_75_NIGHT_QC,NEE_VUT_84_NIGHT_QC,NEE_VUT_95_NIGHT_QC,NEE_CUT_05_DAY,NEE_CUT_16_DAY,NEE_CUT_25_DAY,NEE_CUT_50_DAY,NEE_CUT_75_DAY,NEE_CUT_84_DAY,NEE_CUT_95_DAY,NEE_VUT_05_DAY,NEE_VUT_16_DAY,NEE_VUT_25_DAY,NEE_VUT_50_DAY,NEE_VUT_75_DAY,NEE_VUT_84_DAY,NEE_VUT_95_DAY,NEE_CUT_05_DAY_QC,NEE_CUT_16_DAY_QC,NEE_CUT_25_DAY_QC,NEE_CUT_50_DAY_QC,NEE_CUT_75_DAY_QC,NEE_CUT_84_DAY_QC,NEE_CUT_95_DAY_QC,NEE_VUT_05_DAY_QC,NEE_VUT_16_DAY_QC,NEE_VUT_25_DAY_QC,NEE_VUT_50_DAY_QC,NEE_VUT_75_DAY_QC,NEE_VUT_84_DAY_QC,NEE_VUT_95_DAY_QC,RECO_NT_VUT_REF,RECO_NT_VUT_USTAR50,RECO_NT_VUT_MEAN,RECO_NT_VUT_SE,RECO_NT_VUT_05,RECO_NT_VUT_16,RECO_NT_VUT_25,RECO_NT_VUT_50,RECO_NT_VUT_75,RECO_NT_VUT_84,RECO_NT_VUT_95,RECO_NT_CUT_REF,RECO_NT_CUT_USTAR50,RECO_NT_CUT_MEAN,RECO_NT_CUT_SE,RECO_NT_CUT_05,RECO_NT_CUT_16,RECO_NT_CUT_25,RECO_NT_CUT_50,RECO_NT_CUT_75,RECO_NT_CUT_84,RECO_NT_CUT_95,GPP_NT_VUT_REF,GPP_NT_VUT_USTAR50,GPP_NT_VUT_MEAN,GPP_NT_VUT_SE,GPP_NT_VUT_05,GPP_NT_VUT_16,GPP_NT_VUT_25,GPP_NT_VUT_50,GPP_NT_VUT_75,GPP_NT_VUT_84,GPP_NT_VUT_95,GPP_NT_CUT_REF,GPP_NT_CUT_USTAR50,GPP_NT_CUT_MEAN,GPP_NT_CUT_SE,GPP_NT_CUT_05,GPP_NT_CUT_16,GPP_NT_CUT_25,GPP_NT_CUT_50,GPP_NT_CUT_75,GPP_NT_CUT_84,GPP_NT_CUT_95,RECO_DT_VUT_REF,RECO_DT_VUT_USTAR50,RECO_DT_VUT_MEAN,RECO_DT_VUT_SE,RECO_DT_VUT_05,RECO_DT_VUT_16,RECO_DT_VUT_25,RECO_DT_VUT_50,RECO_DT_VUT_75,RECO_DT_VUT_84,RECO_DT_VUT_95,RECO_DT_CUT_REF,RECO_DT_CUT_USTAR50,RECO_DT_CUT_MEAN,RECO_DT_CUT_SE,RECO_DT_CUT_05,RECO_DT_CUT_16,RECO_DT_CUT_25,RECO_DT_CUT_50,RECO_DT_CUT_75,RECO_DT_CUT_84,RECO_DT_CUT_95,GPP_DT_VUT_REF,GPP_DT_VUT_USTAR50,GPP_DT_VUT_MEAN,GPP_DT_VUT_SE,GPP_DT_VUT_05,GPP_DT_VUT_16,GPP_DT_VUT_25,GPP_DT_VUT_50,GPP_DT_VUT_75,GPP_DT_VUT_84,GPP_DT_VUT_95,GPP_DT_CUT_REF,GPP_DT_CUT_USTAR50,GPP_DT_CUT_MEAN,GPP_DT_CUT_SE,GPP_DT_CUT_05,GPP_DT_CUT_16,GPP_DT_CUT_25,GPP_DT_CUT_50,GPP_DT_CUT_75,GPP_DT_CUT_84,GPP_DT_CUT_95,RECO_SR,RECO_SR_N
201801,-9999,-9999,-9999,-9999,-9999,-9999,-9999,-9999,-2.12,-2.169,0.908,-2.001,0.474,-2.12,0.0,-2.169,0.908,0.0,-2.001,0.474,0.0,39.1665,-9999,-9999,11.993,11.993,0.0,-9999,-9999,275.75,275.75,0.0,-9999,-9999,279.334,279.334,0.0,-9999,-9999,0.861,0.861,0.0,100.943,100.943,0.0,1.876,1.876,0.0,2.044,2.044,0.0,-9999,-9999,-9999,-9999,-9999,-9999,-9999,-9999,-9999,-9999,-9999,-9999,-9999,-9999,42.7231,-9999,-9999,-9999,25.9658,-9999,-9999,-9999,-9999,-9999,34.3226,13.6774,0.0,0.0,-1.74762,-1.70617,0.0,0.0,-9999,-9999,-9999,-9999,-1.77363,-1.77363,0.0,0.0,-9999,-9999,-9999,-9999,-1.64129,-1.6544,0.0,0.0,0.0201625,0.0194777,-1.78335,-1.77363,-1.74762,-1.70617,-1.5213,-1.4792,-1.4689,-1.78335,-1.77363,-1.74762,-1.71943,-1.5213,-1.48113,-1.4689,0.0,0.0,0.0,0.0,0.0,0.0,0.0,0.0,0.0,0.0,0.0,0.0,0.0,0.0,0.177948,0.203199,3.10523,3.06166,0.0,0.0,-9999,-9999,-9999,-9999,-6.34667,-6.27279,0.631445,0.726842,0.0,0.0,-9999,-9999,-9999,-9999,0.142862,0.142862,3.14965,3.14965,0.0,0.0,-9999,-9999,-9999,-9999,-6.34667,-6.34667,0.631445,0.631445,0.0,0.0,-9999,-9999,-9999,-9999,0.129744,0.142862,0.165369,0.203199,0.483343,0.55972,0.565518,0.129744,0.142862,0.165369,0.181512,0.483343,0.55972,0.561381,0.0,0.0,0.0,0.0,0.0,0.0,0.0,0.0,0.0,0.0,0.0,0.0,0.0,0.0,-6.40217,-6.40217,-6.39568,-6.34667,-6.27279,-6.26325,-6.26325,-6.40217,-6.39568,-6.34667,-6.34667,-6.27279,-6.26325,-6.26325,0.0,0.0,0.0,0.0,0.0,0.0,0.0,0.0,0.0,0.0,0.0,0.0,0.0,0.0,2.09985,2.09985,1.9241,0.0450733,1.46022,1.4822,1.6783,1.9985,2.12276,2.19488,2.22835,2.10002,1.6783,1.88654,0.0497169,1.27095,1.47191,1.5342,1.9985,2.15684,2.19488,2.22835,3.7126,3.87349,3.5785,0.0419838,3.05549,3.22982,3.39071,3.70575,3.72596,3.75027,3.87349,3.63523,3.45193,3.52784,0.0461348,2.87227,3.18672,3.24891,3.68402,3.71793,3.72693,3.87349,0.74265,0.74265,1.42565,0.112095,0.736672,0.742205,0.74265,0.916395,2.16422,2.17643,2.19854,0.915562,0.742205,1.35607,0.108335,0.736672,0.742205,0.74265,0.915562,2.16418,2.17323,2.19854,0.655304,0.655304,0.583158,0.0131049,0.488218,0.488646,0.489491,0.645662,0.654878,0.656505,0.65856,0.655304,0.654859,0.603644,0.0169537,0.488218,0.488646,0.49629,0.649705,0.654859,0.657115,0.692371,-9999,-9999
201802,-9999,-9999,-9999,-9999,-9999,-9999,-9999,-9999,-8.168,-8.589,1.501,-7.531,1.396,-8.168,0.0,-8.589,1.501,0.0,-7.531,1.396,0.0,97.7089,-9999,-9999,44.928,44.928,0.0,-9999,-9999,249.524,249.524,0.0,-9999,-9999,250.653,250.653,0.0,-9999,-9999,0.513,0.513,0.0,102.105,102.105,0.0,1.263,1.263,0.0,1.811,1.811,0.0,-9999,-9999,-9999,-9999,-9999,-9999,-9999,-9999,-9999,-9999,-9999,-9999,-9999,-9999,43.3348,-9999,-9999,-9999,26.4537,-9999,-9999,-9999,-9999,-9999,29.3571,18.6429,0.0,0.0,-1.77021,-1.72765,0.0,0.0,-9999,-9999,-9999,-9999,-1.7963,-1.7963,0.0,0.0,-9999,-9999,-9999,-9999,-1.66373,-1.67678,0.0,0.0,0.0200939,0.019423,-1.80602,-1.7963,-1.77021,-1.72765,-1.54396,-1.50245,-1.49182,-1.80602,-1.7963,-1.77021,-1.74076,-1.54396,-1.50401,-1.49182,0.0,0.0,0.0,0.0,0.0,0.0,0.0,0.0,0.0,0.0,0.0,0.0,0.0,0.0,1.01534,1.01658,2.48001,2.47667,0.0,0.0,-9999,-9999,-9999,-9999,-5.98873,-5.88468,0.981411,1.05529,0.0,0.0,-9999,-9999,-9999,-9999,0.974081,0.974081,2.55985,2.55985,0.0,0.0,-9999,-9999,-9999,-9999,-5.98873,-5.98873,0.981411,0.981411,0.0,0.0,-9999,-9999,-9999,-9999,0.958722,0.974081,0.97603,1.01658,1.37274,1.46412,1.4683,0.958722,0.974081,0.97603,1.01534,1.37274,1.46412,1.46412,0.0,0.0,0.0,0.0,0.0,0.0,0.0,0.0,0.0,0.0,0.0,0.0,0.0,0.0,-6.03367,-6.03175,-6.02965,-5.98873,-5.88541,-5.88541,-5.88468,-6.03362,-6.02965,-5.98873,-5.98873,-5.88541,-5.88541,-5.88468,0.0,0.0,0.0,0.0,0.0,0.0,0.0,0.0,0.0,0.0,0.0,0.0,0.0,0.0,1.24976,1.24976,1.1118,0.0335213,0.753777,0.769346,0.912941,1.16528,1.2656,1.31782,1.33865,1.24991,0.912941,1.08965,0.0355302,0.753777,0.764428,0.806917,1.16528,1.28764,1.31782,1.33865,2.90166,3.04606,2.78858,0.0314485,2.35088,2.53956,2.6453,2.8411,2.9113,2.93276,3.04606,2.80215,2.70924,2.75338,0.0330778,2.33095,2.52399,2.56564,2.82276,2.90604,2.91583,3.04606,0.381832,0.381832,1.0488,0.111783,0.377095,0.38138,0.381832,0.503725,1.79258,1.80269,1.821,0.499976,0.381603,0.967755,0.107027,0.377095,0.38134,0.381603,0.499976,1.79254,1.80005,1.821,2.03724,2.03724,1.85287,0.0335151,1.61349,1.6146,1.61758,2.01286,2.0365,2.04069,2.04512,2.03724,2.03647,1.90257,0.0418354,1.61349,1.6146,1.62313,2.02156,2.03647,2.04202,2.12973,-9999,-9999
201803,-9999,-9999,-9999,-9999,-9999,-9999,-9999,-9999,-5.593,-6.755,2.062,-4.461,2.201,-5.593,0.0,-6.755,2.062,0.0,-4.461,2.201,0.0,198.956,-9999,-9999,106.874,106.874,0.0,-9999,-9999,238.235,238.235,0.0,-9999,-9999,238.307,238.307,0.0,-9999,-9999,1.045,1.045,0.0,100.974,100.974,0.0,0.846,0.846,0.0,1.757,1.757,0.0,-9999,-9999,-9999,-9999,-9999,-9999,-9999,-9999,-9999,-9999,-9999,-9999,-9999,-9999,43.4734,-9999,-9999,-9999,26.7076,-9999,-9999,-9999,-9999,-9999,24.0323,23.9677,0.0,0.0,-1.80039,-1.75793,0.0,0.0,-9999,-9999,-9999,-9999,-1.82519,-1.82519,0.0,0.0,-9999,-9999,-9999,-9999,-1.69282,-1.70596,0.0,0.0,0.0201726,0.0194683,-1.83491,-1.82519,-1.80039,-1.75793,-1.57285,-1.53176,-1.52074,-1.83491,-1.82519,-1.80039,-1.77044,-1.57285,-1.5342,-1.52074,0.0,0.0,0.0,0.0,0.0,0.0,0.0,0.0,0.0,0.0,0.0,0.0,0.0,0.0,1.89309,1.89309,1.71015,1.71015,0.0,0.0,-9999,-9999,-9999,-9999,-5.36859,-5.28625,1.59058,1.59125,0.0,0.0,-9999,-9999,-9999,-9999,1.85551,1.85551,1.84894,1.84894,0.0,0.0,-9999,-9999,-9999,-9999,-5.37752,-5.37752,1.57242,1.57242,0.0,0.0,-9999,-9999,-9999,-9999,1.83671,1.85401,1.85551,1.89309,2.34369,2.45559,2.45559,1.83671,1.85401,1.85401,1.89309,2.34369,2.45559,2.45559,0.0,0.0,0.0,0.0,0.0,0.0,0.0,0.0,0.0,0.0,0.0,0.0,0.0,0.0,-5.41473,-5.40998,-5.39554,-5.37752,-5.28625,-5.28622,-5.27246,-5.41188,-5.40998,-5.37752,-5.37752,-5.28625,-5.27246,-5.27246,0.0,0.0,0.0,0.0,0.0,0.0,0.0,0.0,0.0,0.0,0.0,0.0,0.0,0.0,1.58176,1.58176,1.42469,0.0388685,1.01375,1.03232,1.2011,1.48808,1.60059,1.65806,1.68738,1.58192,1.2011,1.39653,0.0417582,0.957708,1.02405,1.07678,1.48808,1.62751,1.65806,1.68738,3.25363,3.40695,3.13065,0.036171,2.64963,2.83271,2.96449,3.21914,3.26647,3.28827,3.40695,3.16526,3.02629,3.08934,0.0386243,2.59691,2.81413,2.85165,3.19582,3.25852,3.26687,3.40695,0.514373,0.514373,1.19979,0.113876,0.508919,0.513949,0.514373,0.657302,1.95494,1.96597,1.98594,0.656705,0.514065,1.12182,0.109282,0.508919,0.513896,0.51425,0.656705,1.95491,1.96309,1.98594,3.99482,3.99482,3.70766,0.0524036,3.32016,3.33068,3.34493,3.95641,3.99482,4.00113,4.00654,3.99482,3.99435,3.78252,0.0643218,3.32016,3.33068,3.34493,3.96698,3.99634,4.00278,4.13895,-9999,-9999
201804,-9999,-9999,-9999,-9999,-9999,-9999,-9999,-9999,3.382,1.717,1.306,4.421,2.127,3.382,0.0,1.717,1.306,0.0,4.421,2.127,0.0,320.843,-9999,-9999,175.651,175.651,0.0,-9999,-9999,275.373,275.373,0.0,-9999,-9999,278.923,278.923,0.0,-9999,-9999,2.084,2.084,0.0,101.088,101.088,0.0,1.222,1.222,0.0,1.586,1.586,0.0,-9999,-9999,-9999,-9999,-9999,-9999,-9999,-9999,-9999,-9999,-9999,-9999,-9999,-9999,43.1718,-9999,-9999,7.86378,26.3731,-9999,-9999,2.44187,-9999,-9999,18.3333,29.6667,0.0,1.23333,-1.77283,-1.73068,0.0,0.0,0.297117,0.3114,0.331472,0.343909,-1.79844,-1.79844,0.0,0.0,0.297117,0.297117,0.331472,0.331031,-1.66602,-1.67912,0.0,0.0,0.0201445,0.0194573,-1.80816,-1.79844,-1.77283,-1.73068,-1.54611,-1.50454,-1.49389,-1.80816,-1.79844,-1.77283,-1.74364,-1.54611,-1.50653,-1.49389,0.0,0.0,0.0,0.0,0.0,0.0,0.0,0.0,0.0,0.0,0.0,0.0,0.0,0.0,2.63549,2.63549,1.08126,1.08126,0.0,0.0,-9999,-9999,-9999,-9999,-4.39374,-4.32792,2.4372,2.40995,0.0,0.0,0.286316,0.30008,0.29824,0.311895,2.67908,2.67908,1.10267,1.10267,0.0,0.0,-9999,-9999,-9999,-9999,-4.45759,-4.45759,2.33966,2.33966,0.0,0.0,0.286316,0.286316,0.29824,0.298676,2.57317,2.57783,2.63549,2.67908,3.32205,3.46804,3.47649,2.57317,2.57783,2.63549,2.67908,3.32093,3.46804,3.46804,0.0,0.0,0.0,0.0,0.0,0.0,0.0,0.0,0.0,0.0,0.0,0.0,0.0,0.0,-4.52223,-4.4949,-4.48292,-4.45759,-4.32925,-4.32792,-4.31286,-4.50894,-4.48292,-4.45759,-4.45759,-4.32792,-4.31286,-4.31286,0.0,0.0,0.0,0.0,0.0,0.0,0.0,0.0,0.0,0.0,0.0,0.0,0.0,0.0,3.17342,3.17342,3.00922,0.049351,2.57377,2.596,2.78868,3.08412,3.2215,3.30531,3.33622,3.17357,2.78868,2.95227,0.0600303,1.91953,2.58342,2.64692,3.08412,3.24233,3.30531,3.33622,4.82302,4.97187,4.68834,0.0469222,4.19303,4.36883,4.52534,4.82302,4.84075,4.85646,4.97187,4.74071,4.58713,4.61829,0.0569704,3.54546,4.33631,4.38745,4.80287,4.83651,4.84075,4.97187,1.31504,1.31504,1.87742,0.090325,1.31094,1.31425,1.3158,1.51621,2.45835,2.47222,2.49733,1.51483,1.31425,1.83683,0.0911479,1.31094,1.31425,1.3158,1.51483,2.45835,2.47222,2.49733,5.86919,5.86919,5.50722,0.0663855,4.98719,5.00185,5.05905,5.81983,5.86927,5.87996,5.8841,5.86919,5.86927,5.60032,0.0812025,4.98719,5.00185,5.05905,5.83046,5.87811,5.88207,6.05295,-9999,-9999
201805,15.348,0.768817,9.437,2.068,0.781106,17.612,4.437,0.763757,13.496,10.747,1.738,14.526,2.86,13.874,0.768817,8.813,1.975,0.781106,15.741,3.939,0.763757,425.155,326.212,0.770161,277.772,300.15,0.770161,-9999,-9999,296.439,296.439,0.0,307.926,0.768817,301.961,311.878,0.768817,9.879,0.768817,8.35,8.498,0.768817,102.025,102.025,0.0,0.663,1.323,0.903226,1.457,1.641,0.90121,0.1994896276327715,0.8548387096774196,131.69992063492063,0.7607526881720431,640.9682341269842,0.7607526881720431,424.882,0.901882,-9999,-9999,33.612,0.768817,-9999,-9999,84.8189,-9999,-9999,0.710372,20.7388,-9999,-9999,0.532503,-9999,-9999,13.3226,34.6774,11.4839,31.8387,-3.02102,-3.00353,0.737903,0.735887,0.0725096,0.0724476,0.119571,0.128057,-3.09192,-3.04446,0.732527,0.733871,0.0734189,0.0732378,0.120125,0.128506,-3.07398,-3.06049,0.706485,0.714751,0.0132264,0.0133178,-3.17532,-3.16271,-3.14375,-3.09221,-3.00353,-2.97256,-2.95182,-3.17693,-3.16535,-3.14338,-3.04446,-2.98942,-2.95416,-2.94962,0.691532,0.664651,0.671371,0.678763,0.735887,0.739247,0.75,0.69086,0.663978,0.673387,0.733871,0.736559,0.747984,0.751344,4.26207,4.26207,0.565667,0.565667,0.642656,0.642656,0.086349,0.0851516,0.123989,0.118976,-5.61762,-5.59452,4.86753,4.85939,0.771107,0.768262,0.0898303,0.0898929,0.131744,0.146669,4.25305,4.25289,0.527278,0.527136,0.631904,0.631904,0.0898218,0.0897623,0.126433,0.122318,-5.71144,-5.6476,4.88757,4.85814,0.767336,0.769234,0.0906534,0.0904089,0.132307,0.146986,4.04435,4.08411,4.13094,4.22935,4.25289,4.26207,4.26819,4.04435,4.09588,4.13094,4.23136,4.25305,4.26207,4.26819,0.500083,0.461125,0.46399,0.647495,0.631904,0.642656,0.642656,0.500083,0.461125,0.46399,0.647495,0.631904,0.642656,0.642656,-5.77311,-5.74652,-5.74523,-5.70488,-5.59452,-5.55378,-5.51262,-5.75368,-5.7477,-5.74453,-5.6476,-5.57587,-5.51591,-5.51174,0.739445,0.740394,0.754501,0.767336,0.768262,0.774776,0.786109,0.750758,0.748803,0.763514,0.769234,0.769211,0.783262,0.785213,5.42295,5.42295,5.42002,0.0505446,5.42277,5.42761,5.43075,5.46077,5.4955,5.54292,5.54605,5.42294,5.46199,5.3346,0.077742,3.46824,5.42295,5.42893,5.44552,5.4955,5.54292,5.54605,8.3853,8.46741,8.48051,0.0510898,8.37796,8.3853,8.40771,8.50993,8.61734,8.6859,8.69081,8.61663,8.55391,8.40858,0.0750139,6.62508,8.38214,8.40148,8.51885,8.61734,8.6585,8.6898,3.05579,3.05579,3.05166,0.0155603,2.91294,2.98862,2.99017,3.05119,3.06443,3.15666,3.25573,3.15993,3.05396,3.0965,0.0566952,2.86155,2.98862,2.99017,3.04888,3.06443,3.15993,3.25712,7.50669,7.50669,7.06671,0.0777026,6.49456,6.50887,6.52786,7.34331,7.50916,7.51653,7.53425,7.50669,7.50375,7.16635,0.0912877,6.49456,6.50889,6.52798,7.36648,7.50916,7.51653,7.66989,-9999,-9999
201806,14.868,1.0,11.149,1.929,1.0,15.86,3.066,1.0,14.479,12.43,1.322,15.025,2.045,14.868,1.0,11.149,1.929,1.0,15.86,3.066,1.0,476.996,291.861,1.0,270.907,291.861,1.0,-9999,-9999,314.466,314.466,0.0,332.957,1.0,321.677,332.957,1.0,7.259,1.0,7.085,7.259,1.0,101.005,101.005,0.0,1.19,0.659,1.0,1.944,2.174,1.0,0.2864666365343615,0.982638888888889,111.27006944444443,1.0,561.264888888889,1.0,413.274,1.0,-9999,-9999,23.422,1.0,-9999,-9999,58.7527,-9999,-9999,0.452845,49.0149,-9999,-9999,0.519042,-9999,-9999,10.0667,37.9333,10.0667,37.9333,-1.57319,-1.56921,0.98125,0.98125,0.0498947,0.0498886,0.0549652,0.0539454,-1.59492,-1.58203,0.979167,0.98125,0.0496551,0.0501378,0.0547478,0.0541759,-1.58641,-1.58725,0.980087,0.980781,0.00352159,0.00295743,-1.61985,-1.61229,-1.60477,-1.58521,-1.57319,-1.56617,-1.56262,-1.61985,-1.61026,-1.60519,-1.58227,-1.57349,-1.56921,-1.56443,0.979167,0.978472,0.977778,0.976389,0.98125,0.98125,0.981944,0.979167,0.979167,0.977778,0.98125,0.984722,0.98125,0.981944,3.20375,3.21072,0.511534,0.513831,0.96,0.96,0.0615281,0.0626948,0.0901051,0.0933754,-2.77748,-2.77444,3.37908,3.38353,0.986842,0.986842,0.0586084,0.0585136,0.0593828,0.0591185,3.14409,3.17299,0.448319,0.495021,0.953333,0.96,0.0564271,0.0616747,0.086702,0.0926935,-2.78787,-2.7798,3.36585,3.37267,0.985965,0.986842,0.0586674,0.0589054,0.0594411,0.0595062,3.06501,3.0721,3.08021,3.14356,3.1937,3.20375,3.22176,3.06501,3.07232,3.08316,3.16151,3.20233,3.21072,3.22176,0.95,0.95,0.95,0.95,0.966667,0.96,0.963333,0.95,0.95,0.95,0.966667,0.966667,0.96,0.963333,-2.80047,-2.79018,-2.78768,-2.77748,-2.77331,-2.77106,-2.76526,-2.80047,-2.79018,-2.78684,-2.77791,-2.77473,-2.77331,-2.76995,0.986842,0.986842,0.985941,0.986842,0.989474,0.986842,0.985064,0.986842,0.986842,0.985941,0.986842,0.985064,0.989474,0.986842,3.61561,3.65387,3.67576,0.01242,3.56795,3.57921,3.5921,3.68542,3.73406,3.75069,3.80486,3.56795,3.65232,3.66911,0.0123348,3.56795,3.5744,3.59642,3.65748,3.7305,3.74849,3.80486,5.30875,5.2359,5.26301,0.0103907,5.1794,5.18779,5.19489,5.25555,5.30873,5.31793,5.37841,5.18779,5.24724,5.25552,0.010608,5.17412,5.18725,5.19141,5.24724,5.30873,5.31686,5.37805,3.98228,3.98166,3.96398,0.00809092,3.89725,3.91184,3.91831,3.96585,3.99615,4.02243,4.02971,4.02787,3.96939,3.96954,0.00993175,3.89274,3.90784,3.91626,3.96383,3.99709,4.02787,4.05352,5.34743,5.34709,5.36231,0.00532284,5.31371,5.33145,5.34005,5.35444,5.38206,5.39492,5.41095,5.34927,5.35571,5.36624,0.00710946,5.29857,5.32477,5.33991,5.35444,5.38654,5.4008,5.43536,-9999,-9999
201807,20.723,1.0,16.15,1.453,1.0,22.192,3.431,1.0,20.865,18.458,1.239,21.63,2.429,20.723,1.0,16.15,1.453,1.0,22.192,3.431,1.0,453.184,262.627,1.0,239.949,262.627,1.0,-9999,-9999,358.873,358.873,0.0,384.919,1.0,370.242,384.919,1.0,9.664,1.0,9.557,9.664,1.0,101.27,101.27,0.0,2.31,1.043,1.0,1.377,1.522,1.0,0.23280910140315755,0.9885752688172043,110.7639448924731,1.0,505.0426142473118,1.0,417.119,1.0,-9999,-9999,22.244,1.0,-9999,-9999,67.6038,-9999,-9999,0.405765,29.0964,-9999,-9999,0.34538,-9999,-9999,11.4839,36.5161,11.4839,36.4516,-0.494563,-0.36032,0.836694,0.864247,0.0333113,0.0347012,0.0731175,0.0714582,-0.478208,-0.464893,0.834677,0.834677,0.0332634,0.0335062,0.0730957,0.0708855,-0.436847,-0.431014,0.834761,0.841902,0.008459,0.00904693,-0.509179,-0.494563,-0.478735,-0.450421,-0.38425,-0.364386,-0.35449,-0.51467,-0.485253,-0.478798,-0.448714,-0.366652,-0.36032,-0.346796,0.833333,0.836694,0.834677,0.825941,0.864247,0.875,0.867608,0.801747,0.835349,0.834005,0.827957,0.867608,0.864247,0.867608,4.65563,5.1022,0.590729,0.919382,0.553148,0.651896,0.0642029,0.0746427,0.275893,0.242774,-2.06956,-2.04896,3.84538,3.85915,0.935282,0.938841,0.0370515,0.0371611,0.0594045,0.0484265,4.73336,4.74174,0.601634,0.596025,0.544351,0.544351,0.0640865,0.0651913,0.275866,0.240037,-2.07309,-2.05851,3.84998,3.85038,0.935231,0.935231,0.0370029,0.0371626,0.0593742,0.0484277,4.31328,4.55499,4.63709,4.67748,5.05871,5.09163,5.1022,4.3487,4.6296,4.65563,4.70561,5.07048,5.09163,5.1022,0.415971,0.487341,0.506228,0.526756,0.655807,0.661672,0.651896,0.413039,0.506228,0.553148,0.523823,0.652385,0.661672,0.651896,-2.09691,-2.06947,-2.06019,-2.04645,-2.00762,-1.9766,-1.93731,-2.09691,-2.06881,-2.06019,-2.04645,-2.01838,-2.00671,-1.97614,0.936127,0.945015,0.935231,0.943296,0.934925,0.931462,0.921577,0.936127,0.946783,0.935231,0.943296,0.931341,0.934925,0.931462,5.56303,5.57753,5.68418,0.045261,5.15166,5.35534,5.47614,5.80756,5.84914,5.99352,6.02911,5.56167,5.84914,5.64352,0.0475582,5.14413,5.16464,5.43442,5.65652,5.84914,5.98522,6.02911,6.1975,6.04242,6.11519,0.0423278,5.60897,5.79968,5.95072,6.16845,6.33208,6.39952,6.4956,6.02779,6.32735,6.08036,0.0455868,5.58734,5.65749,5.88646,6.08753,6.31994,6.39952,6.50491,5.59467,5.77305,5.74537,0.084955,5.02129,5.21174,5.38227,5.7553,5.99558,6.30316,6.53267,5.64003,6.54254,5.6657,0.075844,5.02129,5.22247,5.38225,5.59467,5.98533,6.11963,6.5299,6.58388,6.74034,6.71173,0.0666402,6.02063,6.36595,6.46383,6.69672,6.92454,7.08332,7.39517,6.64292,7.44039,6.65945,0.0622459,6.02063,6.29357,6.44642,6.59996,6.87582,7.06877,7.38983,-9999,-9999
201808,17.804,0.985215,14.708,2.02,1.0,19.366,2.608,0.977823,18.524,17.011,1.078,19.277,1.584,17.802,0.985215,14.708,2.02,1.0,19.363,2.571,0.977823,364.73,205.482,0.986559,191.581,204.938,0.986559,-9999,-9999,344.929,344.929,0.0,372.518,0.985215,354.992,372.168,0.985215,6.349,0.985215,7.141,6.367,0.985215,101.11,101.11,0.0,1.739,1.668,1.0,1.839,1.985,0.971774,0.2541047815075264,0.9448924731182796,74.25346188630492,0.9563172043010754,393.6087387489233,0.9563172043010754,418.47,0.985215,-9999,-9999,21.816,0.985215,-9999,-9999,51.214,-9999,-9999,0.425442,20.4965,-9999,-9999,0.401752,-9999,-9999,16.129,31.871,16.0968,31.871,0.0829942,0.113755,0.946237,0.946237,0.0390517,0.0393203,0.097646,0.0783085,0.0237691,0.026454,0.946909,0.946909,0.0387645,0.0389094,0.0975315,0.078103,0.0354747,0.0507529,0.943246,0.945228,0.010974,0.0100648,-0.0789276,-0.0588181,-0.0152207,0.0237691,0.113755,0.120176,0.120793,-0.0698193,-0.0152335,0.0160383,0.0265368,0.114883,0.120209,0.123176,0.934812,0.9375,0.942204,0.946909,0.946237,0.950269,0.950269,0.921371,0.942204,0.945565,0.946909,0.948925,0.949597,0.950269,4.99528,5.07261,0.721912,0.789607,0.94159,0.94159,0.0622802,0.063717,0.213162,0.166831,-2.44835,-2.43837,4.11253,4.12523,0.949945,0.949945,0.0471009,0.047083,0.0541628,0.0512245,4.84763,4.85321,0.658637,0.6604,0.944323,0.944323,0.0612483,0.0617383,0.212863,0.166086,-2.45652,-2.45573,4.10052,4.09845,0.949721,0.949721,0.0469466,0.047035,0.0540287,0.0511803,4.6502,4.66465,4.76404,4.84763,5.06362,5.07238,5.07238,4.65758,4.76401,4.80644,4.85321,5.07007,5.07238,5.07238,0.938537,0.932802,0.944323,0.944323,0.943382,0.94159,0.94159,0.938537,0.944323,0.946115,0.944323,0.943382,0.94159,0.94159,-2.55061,-2.48282,-2.46849,-2.45317,-2.43837,-2.42934,-2.42376,-2.50179,-2.46849,-2.45669,-2.44612,-2.43664,-2.42813,-2.42359,0.926584,0.935858,0.942827,0.947824,0.949945,0.954934,0.954934,0.933961,0.942827,0.949721,0.946875,0.953986,0.953986,0.954934,5.35695,5.35695,5.37945,0.0156331,5.20709,5.30298,5.31392,5.36233,5.45125,5.45154,5.57367,5.37063,5.36297,5.35456,0.0168763,5.20426,5.22364,5.30298,5.3614,5.44968,5.45125,5.57367,5.33046,5.3305,5.3287,0.00798795,5.26466,5.27617,5.28614,5.33062,5.33874,5.34575,5.4535,5.34575,5.3392,5.31909,0.00815199,5.26335,5.27617,5.27881,5.31997,5.33638,5.34575,5.45295,4.87094,4.87066,4.80412,0.0202133,4.45048,4.73436,4.76653,4.82015,4.8863,4.9041,4.93019,4.78997,4.76653,4.76792,0.030771,4.39551,4.59542,4.73436,4.78997,4.87871,4.90363,4.9295,4.89641,4.89651,4.80443,0.0111506,4.67819,4.7034,4.75922,4.83089,4.86088,4.87327,4.89641,4.87454,4.87306,4.78856,0.0148654,4.65218,4.68378,4.73444,4.80578,4.85905,4.87346,4.8862,-9999,-9999
201809,12.981,0.961806,11.082,1.974,0.984722,14.508,2.102,0.939556,13.921,13.047,1.171,14.612,1.351,13.085,0.961806,11.135,1.988,0.984722,14.663,1.996,0.939556,247.95,117.35,0.963889,114.636,115.072,0.963889,-9999,-9999,323.258,323.258,0.0,346.531,0.961806,331.292,347.495,0.961806,3.359,0.961806,4.121,3.348,0.961806,101.004,101.004,0.0,2.431,2.995,0.963889,2.24,2.088,0.930556,0.23427949855896332,0.8791666666666667,26.85729813815061,0.9138888888888889,232.26207751245846,0.9138888888888889,422.382,0.961806,-9999,-9999,31.418,0.961806,-9999,-9999,35.1284,-9999,-9999,0.392378,-12.3495,-9999,-9999,0.387577,-9999,-9999,21.5667,26.4333,21.5667,26.4333,-0.0495063,-0.0513914,0.888889,0.888889,0.0471844,0.0471345,0.0641045,0.0624193,-0.0362149,-0.0443834,0.884028,0.886111,0.0473504,0.0472077,0.0642268,0.0624746,-0.0906844,-0.0840606,0.867396,0.872361,0.00641485,0.00553706,-0.13837,-0.133153,-0.127931,-0.106433,-0.0520372,-0.0463657,-0.0385291,-0.138015,-0.128207,-0.112308,-0.0905824,-0.0520372,-0.0463657,-0.0385291,0.841667,0.838889,0.830556,0.885417,0.888889,0.8875,0.884028,0.843056,0.838194,0.858333,0.885417,0.888889,0.8875,0.884028,4.98431,4.97989,0.703987,0.71367,0.853077,0.853077,0.0439392,0.0440876,0.0961771,0.0933403,-4.14412,-4.14329,5.53679,5.53114,0.912078,0.912078,0.074378,0.0742226,0.0753343,0.075367,5.02528,4.98938,0.742216,0.724587,0.853077,0.853077,0.0444651,0.0441329,0.0964185,0.0933617,-4.15097,-4.13901,5.56488,5.54996,0.903407,0.906979,0.074493,0.0743469,0.0754478,0.0754894,4.72243,4.8132,4.81967,4.87744,4.97993,4.98431,5.02238,4.80141,4.81967,4.85723,4.92173,4.97993,4.98422,5.02238,0.755509,0.768876,0.767024,0.803262,0.853077,0.853077,0.853077,0.767024,0.767024,0.786596,0.84728,0.853077,0.853077,0.853077,-4.17097,-4.16722,-4.16094,-4.15238,-4.14412,-4.14329,-4.0948,-4.17093,-4.16968,-4.16073,-4.15238,-4.14636,-4.14351,-4.13901,0.889439,0.895312,0.884836,0.903407,0.912078,0.912078,0.883645,0.889439,0.894121,0.888328,0.903407,0.909697,0.912078,0.906979,5.59801,5.59749,5.59876,0.0129454,5.54484,5.54887,5.5599,5.57191,5.59213,5.60439,5.83489,5.60439,5.58169,5.59052,0.0114749,5.54502,5.54887,5.55665,5.57099,5.58326,5.59801,5.83451,5.66858,5.64187,5.68282,0.0153215,5.59821,5.60526,5.6202,5.64386,5.7078,5.71858,5.93872,5.64386,5.6179,5.68121,0.0137485,5.59806,5.6077,5.6202,5.66858,5.7078,5.71612,5.94096,5.88212,5.89568,5.67385,0.0412488,4.8229,5.47633,5.51236,5.73986,5.86664,5.88925,5.91508,5.55761,5.49551,5.60134,0.0569349,4.82204,5.47559,5.49628,5.55761,5.86664,5.88925,5.9135,5.6435,5.65392,5.54475,0.0144504,5.23632,5.49447,5.50718,5.55802,5.59286,5.63264,5.6435,5.6151,5.4981,5.51161,0.0277322,5.23632,5.47453,5.49855,5.54369,5.58061,5.6257,5.65392,-9999,-9999
201810,6.681,0.952285,5.454,1.941,0.96,8.206,1.564,0.943772,7.398,6.851,1.161,8.079,0.978,6.842,0.952285,5.657,1.902,0.96,8.321,1.492,0.943772,135.322,49.484,0.953629,52.264,51.454,0.953629,-9999,-9999,297.783,297.783,0.0,307.197,0.952285,303.431,307.26,0.952285,1.83,0.952285,1.999,1.834,0.952285,101.102,101.102,0.0,1.954,1.369,0.957661,2.186,2.095,0.944892,0.24683633021724402,0.795698924731183,-7.97223797192313,0.9314516129032256,95.0060558073236,0.9314516129032256,420.677,0.953629,-9999,-9999,38.879,0.952285,-9999,-9999,10.1054,-9999,-9999,0.221621,-11.9893,-9999,-9999,0.303302,-9999,-9999,27.129,20.871,27.129,20.871,0.589386,0.5795,0.923387,0.923387,0.0241278,0.024192,0.0328471,0.0426275,0.60161,0.589545,0.920699,0.920027,0.0241245,0.0241037,0.0328446,0.0425775,0.59399,0.589035,0.920699,0.923353,0.00425199,0.00411327,0.540825,0.575131,0.578275,0.598847,0.612569,0.619708,0.626928,0.53857,0.543709,0.57648,0.587217,0.602624,0.613905,0.626454,0.943548,0.926747,0.926747,0.918683,0.917339,0.917339,0.910618,0.943548,0.944892,0.923387,0.926075,0.918683,0.918683,0.909946,2.59639,2.58494,0.361189,0.361656,0.915613,0.915613,0.0162663,0.0163866,0.0309316,0.0380105,-2.01691,-2.02489,3.13999,3.12548,0.932807,0.932807,0.0491152,0.0492028,0.0739267,0.0716248,2.59881,2.59157,0.363899,0.361054,0.911311,0.910021,0.0164309,0.0162984,0.0310185,0.0379726,-1.99194,-2.01093,3.15198,3.15136,0.932807,0.932807,0.0490145,0.0490392,0.0738598,0.0715125,2.51548,2.54259,2.56969,2.58494,2.59238,2.59521,2.59801,2.51548,2.52609,2.57156,2.58494,2.59238,2.59468,2.59801,0.953934,0.892056,0.9062,0.915613,0.920774,0.910021,0.911311,0.953934,0.956416,0.9062,0.915613,0.920774,0.915182,0.911311,-2.02806,-2.02542,-2.02317,-1.99477,-1.92277,-1.91491,-1.89638,-2.03388,-2.02546,-2.02505,-2.01691,-1.98536,-1.92136,-1.89827,0.931404,0.932807,0.932807,0.926177,0.919386,0.919386,0.912757,0.931404,0.932807,0.932807,0.932807,0.927714,0.919386,0.914293,2.73906,2.73958,2.70082,0.00451022,2.65816,2.66188,2.67541,2.70122,2.72506,2.73846,2.73993,2.73667,2.68594,2.69874,0.00469927,2.64768,2.66156,2.66794,2.69993,2.72405,2.73807,2.74011,2.15764,2.15003,2.11179,0.00536113,2.06033,2.07466,2.08353,2.1138,2.13875,2.15381,2.16136,2.13652,2.08433,2.10475,0.00607217,2.03632,2.06926,2.07466,2.09591,2.13652,2.15003,2.15911,2.85067,2.85174,2.85446,0.00496182,2.78727,2.83152,2.84254,2.85065,2.8549,2.89209,2.89775,2.78166,2.85034,2.85256,0.00784881,2.78166,2.83642,2.84286,2.8506,2.87277,2.89763,2.90363,2.55333,2.55291,2.5716,0.00475939,2.55206,2.5541,2.55736,2.56319,2.5699,2.57258,2.65356,2.55206,2.56788,2.57726,0.00567287,2.55079,2.55331,2.5567,2.56361,2.57079,2.61199,2.6567,-9999,-9999
201811,3.706,1.0,3.245,1.388,1.0,4.707,0.735,1.0,3.754,3.512,0.917,4.282,0.39,3.706,1.0,3.245,1.388,1.0,4.707,0.735,1.0,56.4976,13.971,1.0,14.892,13.971,1.0,-9999,-9999,299.198,299.198,0.0,287.347,1.0,304.978,287.347,1.0,1.422,1.0,1.264,1.422,1.0,102.19,102.19,0.0,0.946,0.98,1.0,1.962,1.984,0.995833,0.21494488388955946,0.8840277777777779,-15.357161706349206,0.9958333333333333,26.869274801587302,0.9958333333333333,420.597,0.999306,-9999,-9999,40.672,1.0,-9999,-9999,1.77441,-9999,-9999,0.125556,-16.558,-9999,-9999,0.292345,-9999,-9999,32.6,15.4,32.6,15.4,0.981924,0.99444,0.984028,0.984028,0.0126883,0.0127016,0.0158824,0.0163798,0.986787,0.987592,0.983333,0.983333,0.0126434,0.0126337,0.0158466,0.0163272,0.990216,0.987006,0.980573,0.982639,0.0027913,0.00170406,0.968493,0.976442,0.980201,0.986815,0.994926,0.995548,1.02034,0.971416,0.974269,0.978736,0.987592,0.993959,0.994954,0.997141,0.98125,0.983333,0.984028,0.983333,0.984028,0.970139,0.970833,0.98125,0.977778,0.983333,0.983333,0.984028,0.986806,0.976389,1.41701,1.43357,0.16061,0.163283,0.980775,0.980775,0.0104549,0.010436,0.0213103,0.023,-0.0289289,-0.0272044,1.05183,1.05793,0.988205,0.988205,0.0310254,0.0311031,0.0591353,0.0505133,1.41597,1.41819,0.162694,0.161908,0.980775,0.980775,0.0104161,0.0104043,0.0212913,0.0229856,-0.0116434,-0.0139424,1.05777,1.05578,0.985983,0.985983,0.0309183,0.0309002,0.0590792,0.0503886,1.38641,1.39637,1.40185,1.41701,1.43293,1.43351,1.45008,1.38752,1.39257,1.40341,1.41701,1.4331,1.43357,1.44913,0.980775,0.980775,0.969143,0.980775,0.984946,0.984946,0.984946,0.977745,0.980775,0.969143,0.980775,0.984946,0.980775,0.984946,-0.0717387,-0.0647701,-0.0289289,-0.0138677,0.00579686,0.0359158,0.0846814,-0.0751848,-0.0656942,-0.0322093,-0.0139424,-0.000908376,0.0139097,0.0403832,0.997436,0.997436,0.988205,0.985983,0.981538,0.972911,0.970689,0.997436,0.997436,0.988205,0.985983,0.985983,0.977355,0.968467,1.47969,1.47562,1.4578,0.00373815,1.41321,1.41562,1.4398,1.46695,1.47517,1.47625,1.47969,1.47374,1.4398,1.45776,0.00380121,1.41303,1.41562,1.4398,1.46815,1.47471,1.47625,1.47784,0.485304,0.488024,0.470797,0.00358568,0.430979,0.441013,0.447635,0.476569,0.488282,0.493046,0.497285,0.497163,0.45301,0.467548,0.00409171,0.429625,0.432826,0.446652,0.473303,0.488472,0.49211,0.500794,1.51088,1.51088,1.52436,0.00615271,1.44323,1.49507,1.51088,1.52728,1.53714,1.54112,1.55939,1.44323,1.53675,1.52516,0.00606052,1.43911,1.50469,1.5102,1.52922,1.53889,1.54135,1.55925,0.745662,0.745662,0.7505,0.00342372,0.68725,0.739839,0.745662,0.752922,0.76152,0.764437,0.774651,0.745669,0.757462,0.75181,0.00361302,0.686915,0.739842,0.745366,0.75618,0.76152,0.765609,0.784148,-9999,-9999
201812,-1.172,0.967742,-1.281,1.378,0.973118,-0.848,0.659,0.952854,-1.08,-1.063,0.879,-1.127,0.304,-1.136,0.967742,-1.245,1.387,0.973118,-0.815,0.601,0.952854,25.7743,5.248,0.969086,6.311,5.261,0.969086,-9999,-9999,285.466,285.466,0.0,249.638,0.967742,289.96,251.625,0.967742,1.832,0.967742,0.864,1.808,0.967742,101.218,101.218,0.0,2.119,2.131,0.955645,2.053,1.953,0.938844,0.21193750344299497,0.793010752688172,-14.36189475308642,0.9415322580645161,10.214856944444445,0.9415322580645161,420.281,0.967742,-9999,-9999,40.416,0.967742,-9999,-9999,1.02988,-9999,-9999,0.121176,-14.0801,-9999,-9999,0.373887,-9999,-9999,35.7742,12.2258,35.7742,12.2258,0.801293,0.80643,0.943548,0.940188,0.00923146,0.00933787,0.0143312,0.0141788,0.808246,0.804139,0.943548,0.943548,0.00980302,0.00959714,0.0147058,0.0143509,0.807861,0.805522,0.940608,0.941767,0.003126,0.00250127,0.77922,0.791675,0.801232,0.806958,0.811568,0.813599,0.82979,0.786089,0.791356,0.800754,0.806831,0.808209,0.812696,0.81903,0.900538,0.941532,0.943548,0.943548,0.94422,0.942876,0.936156,0.941532,0.941532,0.938844,0.940188,0.942876,0.942876,0.942876,0.857154,0.860731,0.076966,0.0786524,0.94936,0.94488,0.0100278,0.0101491,0.0151452,0.0155618,0.529657,0.538717,0.243872,0.237572,0.927006,0.927006,0.0189434,0.0191358,0.0277443,0.0265027,0.865539,0.861543,0.0732156,0.0739521,0.94936,0.94936,0.0106841,0.0104685,0.0155875,0.015772,0.531313,0.527482,0.244062,0.243174,0.927006,0.927006,0.019955,0.0194954,0.0284445,0.0267634,0.826541,0.841941,0.853972,0.861543,0.86419,0.864641,0.877659,0.835113,0.841047,0.851881,0.861066,0.86419,0.864641,0.86728,0.912929,0.945776,0.947568,0.94936,0.94936,0.94936,0.94488,0.945776,0.945776,0.943984,0.94488,0.94936,0.94936,0.94936,0.526814,0.529524,0.530346,0.538717,0.553305,0.570064,0.578458,0.526814,0.529423,0.530346,0.538717,0.543339,0.566095,0.571555,0.927006,0.927006,0.929487,0.927006,0.929487,0.929487,0.91067,0.927006,0.927006,0.929487,0.927006,0.924318,0.929487,0.929487,0.727371,0.727498,0.719554,0.00330514,0.683156,0.687335,0.701958,0.724397,0.728962,0.742204,0.75133,0.726658,0.697762,0.71874,0.00385677,0.682158,0.683996,0.698434,0.724397,0.730712,0.742327,0.752007,-0.0694408,-0.076641,-0.0859682,0.00359909,-0.124978,-0.117297,-0.109542,-0.076641,-0.0694408,-0.0650606,-0.0613663,-0.0806367,-0.110484,-0.0891211,0.00381054,-0.130361,-0.123658,-0.113229,-0.0806367,-0.0694408,-0.0658986,-0.0616212,0.723587,0.723587,0.75914,0.0109385,0.71846,0.718945,0.721717,0.734669,0.775679,0.829247,0.838833,0.841841,0.738562,0.763225,0.0112933,0.71846,0.718977,0.721588,0.734669,0.789964,0.832629,0.847861,0.144413,0.144413,0.149266,0.002002,0.141478,0.141913,0.142596,0.147164,0.150241,0.159755,0.160141,0.144413,0.148344,0.155115,0.00417898,0.141478,0.141985,0.1426,0.147177,0.152266,0.160141,0.21582,-9999,-9999
201901,-6.265,0.727151,-7.11,3.726,0.747067,-4.286,1.396,0.680645,-5.137,-5.233,1.873,-4.912,0.743,-4.969,0.727151,-5.263,2.79,0.747067,-4.258,1.056,0.680645,39.1665,9.859,0.732527,14.023,11.552,0.732527,-9999,-9999,259.208,259.208,0.0,210.045,0.727151,261.244,232.903,0.727151,1.751,0.727151,0.577,1.483,0.727151,100.252,100.252,0.0,2.174,1.873,0.768817,1.863,1.647,0.68078,0.18772111427359478,0.6189516129032259,-13.366925189393939,0.6424731182795698,19.704434659090914,0.6424731182795698,425.413,0.0961022,-9999,-9999,41.547,0.727151,-9999,-9999,-1.11113,-9999,-9999,0.0799602,-18.9269,-9999,-9999,0.336879,-9999,-9999,34.3226,13.6774,13.2258,4.67742,0.707354,0.696759,0.0658602,0.0658602,0.0162853,0.0167196,0.037615,0.0349391,0.675153,0.684855,0.0611559,0.0638441,0.0217863,0.0201526,0.0403029,0.0367059,0.681641,0.673486,0.0579637,0.0615423,0.00884685,0.0068751,0.633474,0.63954,0.642567,0.663008,0.701656,0.707354,0.789213,0.635504,0.640476,0.642567,0.662846,0.696759,0.701834,0.708041,0.0611559,0.0604839,0.0611559,0.0678763,0.0658602,0.0658602,0.0,0.0611559,0.0698925,0.0611559,0.0698925,0.0658602,0.0658602,0.0658602,0.792288,0.769761,0.223797,0.164009,0.0689964,0.0689964,0.0181376,0.0186685,0.0444486,0.0435253,0.413146,0.431672,0.347782,0.343624,0.0564516,0.0564516,0.0312712,0.0318847,0.0524445,0.0524809,0.768496,0.769814,0.240694,0.237756,0.0636201,0.0663082,0.0243351,0.0225551,0.047317,0.0453285,0.364259,0.394345,0.393744,0.364864,0.0537634,0.0564516,0.0415041,0.0381805,0.0591196,0.0565275,0.697428,0.711129,0.724039,0.732895,0.776624,0.792288,0.887689,0.698756,0.706714,0.724039,0.732895,0.769814,0.785351,0.792288,0.0636201,0.0636201,0.0654122,0.0743728,0.0689964,0.0689964,0.0,0.0636201,0.0636201,0.0654122,0.0743728,0.0663082,0.0689964,0.0689964,0.329898,0.347468,0.364259,0.405625,0.415588,0.431672,0.472844,0.329898,0.347232,0.364259,0.405625,0.414846,0.430601,0.431672,0.0537634,0.0537634,0.0537634,0.0510753,0.0564516,0.0564516,0.0564516,0.0537634,0.0537634,0.0537634,0.0510753,0.0564516,0.0564516,0.0564516,0.89139,0.889144,0.841441,0.01262,0.627437,0.769028,0.780712,0.875881,0.89139,0.904304,0.92568,0.89139,0.889144,0.841441,0.01262,0.627437,0.769028,0.780712,0.875881,0.89139,0.904304,0.92568,0.215458,0.204288,0.167956,0.0124083,-0.0180308,0.114267,0.126466,0.201589,0.216697,0.22854,0.233243,0.248751,0.213991,0.1598,0.0142842,-0.0479397,0.0122465,0.12675,0.19695,0.224024,0.232952,0.243966,0.298791,0.298791,0.280131,0.029277,0.011779,0.062159,0.252161,0.265638,0.29905,0.348872,0.373732,0.35344,0.298791,0.280131,0.029277,0.011779,0.062159,0.252161,0.265638,0.29905,0.348872,0.373732,0.380804,0.380804,0.340844,0.0109992,0.267194,0.273476,0.274063,0.344639,0.399194,0.403912,0.44988,0.342125,0.380804,0.340844,0.0109992,0.267194,0.273476,0.274063,0.344639,0.399194,0.403912,0.44988,-9999,-9999
201902,-0.031,0.859375,-0.701,2.386,0.861751,1.015,1.419,0.855042,-1.34,-1.583,1.55,-0.988,0.933,-0.208,0.859375,-0.719,2.084,0.861751,0.548,1.145,0.855042,97.7089,38.804,0.860863,44.81,39.741,0.860863,-9999,-9999,266.573,266.573,0.0,246.347,0.859375,269.298,255.595,0.859375,2.148,0.859375,0.96,1.951,0.859375,100.965,100.965,0.0,2.147,2.092,0.84375,2.44,2.445,0.834821,0.24153079974945238,0.8110119047619049,-17.491681779622155,0.8415178571428571,84.51066630747125,0.8430059523809523,419.008,0.0,-9999,-9999,43.498,0.859375,-9999,-9999,1.72752,-9999,-9999,-9999,-25.7865,-9999,-9999,0.37179,-9999,-9999,29.3571,18.6429,0.0,0.0,0.82309,0.951008,0.0,0.0,-9999,-9999,-9999,-9999,0.765137,0.770925,0.0,0.0,-9999,-9999,-9999,-9999,0.848994,0.844142,0.0,0.0,0.0179022,0.0180541,0.749307,0.750387,0.756919,0.810438,0.979905,1.00913,1.02169,0.689886,0.746489,0.751661,0.770925,0.975948,0.991683,1.01565,0.0,0.0,0.0,0.0,0.0,0.0,0.0,0.0,0.0,0.0,0.0,0.0,0.0,0.0,0.958207,1.13842,0.426201,0.614327,0.0,0.0,-9999,-9999,-9999,-9999,0.549954,0.587996,0.481721,0.53957,0.0,0.0,-9999,-9999,-9999,-9999,0.894272,0.891764,0.44587,0.44066,0.0,0.0,-9999,-9999,-9999,-9999,0.501839,0.522038,0.493974,0.478846,0.0,0.0,-9999,-9999,-9999,-9999,0.874154,0.879412,0.889243,0.945104,1.20989,1.23546,1.24301,0.791383,0.880972,0.888222,0.899568,1.19064,1.21782,1.23828,0.0,0.0,0.0,0.0,0.0,0.0,0.0,0.0,0.0,0.0,0.0,0.0,0.0,0.0,0.467644,0.467739,0.477971,0.526737,0.575908,0.580572,0.601341,0.465354,0.467644,0.473801,0.522038,0.570231,0.576151,0.598105,0.0,0.0,0.0,0.0,0.0,0.0,0.0,0.0,0.0,0.0,0.0,0.0,0.0,0.0,1.20997,1.2099,1.16811,0.0153865,0.890066,1.10706,1.10827,1.18717,1.22751,1.25748,1.2598,1.20997,1.2099,1.16811,0.0153865,0.890066,1.10706,1.10827,1.18717,1.22751,1.25748,1.2598,0.265846,0.438979,0.323964,0.0217033,-0.0656823,0.238251,0.26155,0.381447,0.418532,0.435512,0.43904,0.459578,0.444767,0.319112,0.0221626,-0.0658061,0.238118,0.248387,0.354067,0.426251,0.437743,0.445727,0.476196,0.476196,0.51536,0.052622,0.0206473,0.110221,0.401174,0.523871,0.597264,0.606291,0.648715,0.614117,0.476196,0.51536,0.052622,0.0206473,0.110221,0.401174,0.523871,0.597264,0.606291,0.648715,1.04675,1.04675,0.99136,0.0342842,0.759396,0.760002,0.774577,0.971634,1.18824,1.21628,1.30922,0.965807,1.04675,0.99136,0.0342842,0.759396,0.760002,0.774577,0.971634,1.18824,1.21628,1.30922,-9999,-9999
201903,-0.228,0.768817,-1.69,1.875,0.783252,1.165,1.66,0.754839,-1.064,-1.66,1.39,-0.493,1.305,-0.445,0.768817,-1.72,1.847,0.783252,0.769,1.602,0.754839,198.956,87.536,0.770833,97.394,92.661,0.770833,-9999,-9999,262.467,262.467,0.0,244.659,0.768817,264.808,251.774,0.768817,2.184,0.768817,1.236,1.896,0.768817,100.109,100.109,0.0,2.056,1.169,1.0,2.134,2.139,0.743952,0.25338147007478873,0.6787634408602151,9.457092717717718,0.7305107526881721,185.20507510771637,0.7325268817204302,418.789,0.203629,-9999,-9999,31.104,0.768817,-9999,-9999,14.0511,-9999,-9999,0.246063,-6.88974,-9999,-9999,0.379384,-9999,-9999,24.0323,23.9677,9.67742,10.7419,0.789553,0.803265,0.168011,0.168011,0.00943704,0.00943704,0.224349,0.224349,0.730843,0.730843,0.163978,0.163978,0.0089297,0.0089297,0.224328,0.224328,0.877383,0.87772,0.160669,0.160669,0.0331844,0.0331647,0.654602,0.72669,0.730843,0.753845,1.16591,1.17499,1.18058,0.654602,0.72669,0.730843,0.753845,1.16591,1.17499,1.18058,0.16129,0.163978,0.163978,0.163978,0.162634,0.165323,0.164651,0.16129,0.163978,0.163978,0.163978,0.162634,0.165323,0.164651,1.14415,1.16764,0.467762,0.473335,0.195015,0.195015,0.01329,0.01329,0.380997,0.380997,0.375328,0.375328,0.733568,0.733568,0.145529,0.145529,0.0124692,0.0124692,0.0362136,0.0362136,1.04618,1.04618,0.476425,0.476425,0.193548,0.193548,0.0126145,0.0126145,0.380974,0.380974,0.3599,0.3599,0.715413,0.715413,0.139325,0.139325,0.011765,0.011765,0.0359772,0.0359772,0.955571,1.03815,1.04618,1.08573,1.78336,1.79968,1.80698,0.955571,1.03815,1.04618,1.08573,1.78336,1.79968,1.80698,0.193548,0.193548,0.193548,0.193548,0.184751,0.18915,0.18915,0.193548,0.193548,0.193548,0.193548,0.184751,0.18915,0.18915,0.281592,0.353663,0.355837,0.36375,0.420131,0.421661,0.42403,0.281592,0.353663,0.355837,0.36375,0.420131,0.421661,0.42403,0.134363,0.133122,0.133122,0.139325,0.144288,0.144288,0.144288,0.134363,0.133122,0.133122,0.139325,0.144288,0.144288,0.144288,1.19056,1.19029,1.14745,0.0152167,0.87298,1.0852,1.08798,1.1684,1.20782,1.23259,1.23936,1.19056,1.19029,1.14745,0.0152167,0.87298,1.0852,1.08798,1.1684,1.20782,1.23259,1.23936,0.0628888,0.459443,0.269729,0.0355342,-0.244262,0.0513245,0.0627888,0.367586,0.419025,0.441492,0.459714,0.459714,0.459443,0.270066,0.0355676,-0.244262,0.0513245,0.0627888,0.368926,0.419025,0.441492,0.459714,0.463005,0.463005,0.496794,0.0506922,0.0199406,0.106368,0.390113,0.506114,0.570899,0.585877,0.626924,0.593447,0.463005,0.496794,0.0506922,0.0199406,0.106368,0.390113,0.506114,0.570899,0.585877,0.626924,2.08484,2.08484,2.05255,0.0758095,1.52226,1.52338,1.55015,1.96665,2.4921,2.57086,2.70504,1.95649,2.08484,2.05255,0.0758095,1.52226,1.52338,1.55015,1.96665,2.4921,2.57086,2.70504,-9999,-9999
201904,5.909,1.0,1.713,2.138,1.0,8.425,3.643,1.0,5.474,3.546,1.555,6.631,2.518,5.909,1.0,1.713,2.138,1.0,8.425,3.643,1.0,320.843,179.874,1.0,192.222,179.874,1.0,-9999,-9999,265.445,265.445,0.0,269.114,1.0,268.065,269.114,1.0,5.034,1.0,4.312,5.034,1.0,102.273,102.273,0.0,0.171,0.218,1.0,1.487,1.7,0.998611,0.21392866106352276,0.98125,58.91955555555556,1.0,345.8858402777778,1.0,420.575,1.0,-9999,-9999,36.63,1.0,-9999,-9999,29.1856,-9999,-9999,0.241225,26.4819,-9999,-9999,0.41804,-9999,-9999,18.3333,29.6667,18.3333,29.6667,-0.170419,-0.170419,0.918056,0.918056,0.0276076,0.0276076,0.0466838,0.0466838,-0.171313,-0.171313,0.916667,0.916667,0.0276,0.0276,0.0466793,0.0466793,-0.131207,-0.131207,0.910503,0.910503,0.00801161,0.00801161,-0.254264,-0.172137,-0.169764,-0.119861,-0.0998635,-0.0968455,-0.0472186,-0.254264,-0.172137,-0.169764,-0.119861,-0.0998635,-0.0968455,-0.0472186,0.863194,0.916667,0.918056,0.873611,0.897917,0.933333,0.902083,0.863194,0.916667,0.918056,0.873611,0.897917,0.933333,0.902083,1.62276,1.62276,0.552188,0.552188,0.880009,0.880009,0.0269905,0.0269905,0.102895,0.102895,-1.16573,-1.16573,1.91772,1.91772,0.939346,0.939346,0.0396817,0.0396817,0.0464284,0.0464284,1.61994,1.61994,0.557223,0.557223,0.880009,0.880009,0.0271722,0.0271722,0.102943,0.102943,-1.16428,-1.16428,1.93065,1.93065,0.936965,0.936965,0.0396214,0.0396214,0.0463769,0.0463769,1.5482,1.61822,1.62276,1.76935,1.8118,1.8168,1.91173,1.5482,1.61822,1.62276,1.76935,1.8118,1.8168,1.91173,0.79703,0.880009,0.880009,0.804437,0.832215,0.811845,0.839854,0.79703,0.880009,0.880009,0.804437,0.832215,0.811845,0.839854,-1.24677,-1.20613,-1.18826,-1.16648,-1.16295,-1.15792,-1.14961,-1.24677,-1.20613,-1.18826,-1.16648,-1.16295,-1.15792,-1.14961,0.900185,0.914776,0.931202,0.939346,0.942918,0.936965,0.939346,0.900185,0.914776,0.931202,0.939346,0.942918,0.936965,0.939346,2.1169,2.12156,2.16234,0.0146366,2.04346,2.10541,2.1169,2.13553,2.20452,2.22858,2.2719,2.1169,2.12156,2.16234,0.0146366,2.04346,2.10541,2.1169,2.13553,2.20452,2.22858,2.2719,2.32523,2.29287,2.29354,0.011084,2.21436,2.24601,2.25168,2.28409,2.29834,2.32523,2.44013,2.28409,2.29287,2.29354,0.011084,2.21436,2.24601,2.25168,2.28409,2.29834,2.32523,2.44013,0.951711,0.951711,1.07064,0.104292,0.160523,0.345971,0.798455,1.13541,1.211,1.28757,1.36486,1.30261,0.951711,1.07064,0.104292,0.160523,0.345971,0.798455,1.13541,1.211,1.28757,1.36486,3.58571,3.58571,3.61839,0.125031,2.75213,2.77122,2.80753,3.4923,4.30253,4.48662,4.6102,3.40425,3.58571,3.61839,0.125031,2.75213,2.77122,2.80753,3.4923,4.30253,4.48662,4.6102,-9999,-9999
201905,9.987,1.0,6.443,2.003,1.0,11.348,2.896,1.0,9.203,7.354,1.319,9.912,1.92,9.987,1.0,6.443,2.003,1.0,11.348,2.896,1.0,425.155,221.439,1.0,237.979,221.439,1.0,-9999,-9999,292.717,292.717,0.0,308.074,1.0,297.891,308.074,1.0,4.958,1.0,4.585,4.958,1.0,101.007,101.007,0.0,1.37,1.374,1.0,1.744,1.976,1.0,0.26075676810145526,0.9905913978494625,88.09252688172042,1.0,425.83289650537637,1.0,417.296,1.0,10.375,0.995296,28.657,1.0,-9999,-9999,49.0186,-9999,-9999,0.407247,32.1552,-9999,-9999,0.388334,-9999,-9999,13.3226,34.6774,13.0,34.6129,-1.04107,-1.04107,0.943548,0.943548,0.0486671,0.0486671,0.0611738,0.0611738,-1.02089,-1.02089,0.934812,0.934812,0.047975,0.047975,0.0606247,0.0606247,-1.05639,-1.05639,0.935316,0.935316,0.0120342,0.0120342,-1.26619,-1.0949,-1.075,-1.03294,-1.02334,-1.02077,-1.0153,-1.26619,-1.0949,-1.075,-1.03294,-1.02334,-1.02077,-1.0153,0.899866,0.926075,0.926747,0.949597,0.932796,0.949597,0.935484,0.899866,0.926075,0.926747,0.949597,0.932796,0.949597,0.935484,4.70769,4.70769,0.83883,0.83883,0.919178,0.919178,0.0518154,0.0518154,0.0635853,0.0635853,-3.10915,-3.10915,4.78637,4.78637,0.953063,0.953063,0.0617877,0.0617877,0.0742703,0.0742703,4.73419,4.73419,0.858669,0.858669,0.89076,0.89076,0.0501854,0.0501854,0.0622641,0.0622641,-3.09094,-3.09094,4.81384,4.81384,0.951218,0.951218,0.060737,0.060737,0.0733985,0.0733985,4.33235,4.66604,4.67423,4.70045,4.73419,4.73975,4.75405,4.33235,4.66604,4.67423,4.70045,4.73419,4.73975,4.75405,0.81363,0.878855,0.919178,0.878855,0.89076,0.883847,0.89076,0.81363,0.878855,0.919178,0.878855,0.89076,0.883847,0.89076,-3.26149,-3.16458,-3.14956,-3.10472,-3.09062,-3.08216,-3.0787,-3.26149,-3.16458,-3.14956,-3.10472,-3.09062,-3.08216,-3.0787,0.933429,0.943733,0.944576,0.952167,0.951218,0.962101,0.96118,0.933429,0.943733,0.944576,0.952167,0.951218,0.962101,0.96118,5.78874,5.78219,5.81693,0.025719,5.20914,5.77012,5.77918,5.81344,5.90569,5.92695,5.97157,5.77497,5.78219,5.81693,0.025719,5.20914,5.77012,5.77918,5.81344,5.90569,5.92695,5.97157,6.92335,6.80308,6.87332,0.018633,6.64636,6.79969,6.80922,6.84703,6.93226,7.0166,7.04658,6.80803,6.80308,6.87332,0.018633,6.64636,6.79969,6.80922,6.84703,6.93226,7.0166,7.04658,4.63996,4.63996,4.85077,0.0622696,4.42644,4.44152,4.48778,4.63848,5.31172,5.35666,5.36719,4.43272,4.63996,4.85077,0.0622696,4.42644,4.44152,4.48778,4.63848,5.31172,5.35666,5.36719,6.32195,6.32195,6.40592,0.033642,6.15524,6.16072,6.21034,6.31482,6.66384,6.67009,6.67579,6.26635,6.32195,6.40592,0.033642,6.15524,6.16072,6.21034,6.31482,6.66384,6.67009,6.67579,-9999,-9999
201906,16.781,1.0,13.028,1.927,1.0,17.774,3.032,1.0,16.285,14.278,1.199,16.816,2.07,16.781,1.0,13.028,1.927,1.0,17.774,3.032,1.0,476.996,277.481,1.0,272.236,277.481,1.0,-9999,-9999,330.33,330.33,0.0,357.04,1.0,339.025,357.04,1.0,6.895,1.0,6.802,6.895,1.0,101.481,101.481,0.0,1.201,0.619,1.0,1.848,2.021,1.0,0.2900026458333333,1.0,121.4986736111111,1.0,533.6103611111109,1.0,412.466,1.0,16.72,1.0,22.603,1.0,-9999,-9999,66.1376,-9999,-9999,0.482235,41.8876,-9999,-9999,0.479707,-9999,-9999,10.0667,37.9333,10.0333,37.9333,-2.57879,-2.57879,0.973611,0.973611,0.0578248,0.0578248,0.06336,0.06336,-2.5766,-2.5766,0.974306,0.974306,0.057806,0.057806,0.0633429,0.0633429,-2.57501,-2.57501,0.97191,0.97191,0.00561694,0.00561694,-2.66541,-2.60555,-2.60428,-2.56823,-2.55507,-2.55375,-2.51988,-2.66541,-2.60555,-2.60428,-2.56823,-2.55507,-2.55375,-2.51988,0.929167,0.979167,0.977778,0.958333,0.972917,0.973611,0.970833,0.929167,0.979167,0.977778,0.958333,0.972917,0.973611,0.970833,5.77452,5.77452,0.832243,0.832243,0.956667,0.956667,0.0934275,0.0934275,0.134686,0.134686,-4.68503,-4.68503,6.24702,6.24702,0.97807,0.97807,0.0659859,0.0659859,0.0696085,0.0696085,5.77092,5.77092,0.814033,0.814033,0.956667,0.956667,0.0927159,0.0927159,0.134193,0.134193,-4.68146,-4.68146,6.24366,6.24366,0.978947,0.978947,0.0660317,0.0660317,0.0696519,0.0696519,5.59001,5.67134,5.70004,5.76919,5.82377,5.86537,5.91198,5.59001,5.67134,5.70004,5.76919,5.82377,5.86537,5.91198,0.883636,0.953333,0.96,0.953636,0.956667,0.95697,0.950303,0.883636,0.953333,0.96,0.953636,0.956667,0.95697,0.950303,-4.74236,-4.6983,-4.69556,-4.67643,-4.66475,-4.65398,-4.6503,-4.74236,-4.6983,-4.69556,-4.67643,-4.66475,-4.65398,-4.6503,0.941228,0.982456,0.982456,0.97807,0.985965,0.977193,0.976316,0.941228,0.982456,0.982456,0.97807,0.985965,0.977193,0.976316,6.34857,6.35422,6.39012,0.029177,6.03828,6.29044,6.30302,6.38022,6.41403,6.51479,6.76916,6.3484,6.35422,6.39012,0.029177,6.03828,6.29044,6.30302,6.38022,6.41403,6.51479,6.76916,9.01894,8.93082,8.96513,0.0260908,8.63778,8.84905,8.86198,8.95199,9.01894,9.06256,9.29226,8.9104,8.93082,8.96513,0.0260908,8.63778,8.84905,8.86198,8.95199,9.01894,9.06256,9.29226,6.32493,6.22843,6.20272,0.0482349,5.56815,5.97526,6.02069,6.25506,6.35609,6.40774,6.56116,6.04238,6.22843,6.20272,0.0482349,5.56815,5.97526,6.02069,6.25506,6.35609,6.40774,6.56116,8.71944,8.6515,8.68835,0.0337121,8.23297,8.48181,8.6064,8.73271,8.76977,8.85625,8.94923,8.73348,8.6515,8.68835,0.0337121,8.23297,8.48181,8.6064,8.73271,8.76977,8.85625,8.94923,-9999,-9999
201907,16.951,1.0,12.64,1.654,1.0,18.343,3.264,1.0,17.397,15.166,1.314,18.11,2.373,16.951,1.0,12.64,1.654,1.0,18.343,3.264,1.0,453.184,260.201,1.0,247.424,260.201,1.0,-9999,-9999,335.665,335.665,0.0,358.12,1.0,344.86,358.12,1.0,7.216,1.0,8.5,7.216,1.0,100.795,100.795,0.0,1.511,2.508,1.0,1.469,1.529,1.0,0.2723057661290323,1.0,118.29114247311827,1.0,500.37195564516134,1.0,417.694,1.0,17.235,1.0,29.131,1.0,-9999,-9999,80.7064,-9999,-9999,0.589285,29.2184,-9999,-9999,0.449038,-9999,-9999,11.4839,36.5161,11.4839,36.5161,-3.78636,-3.78636,0.958333,0.958333,0.0649834,0.0649834,0.0666765,0.0666765,-3.79814,-3.79814,0.953629,0.953629,0.0651877,0.0651877,0.0668756,0.0668756,-3.80383,-3.80383,0.953562,0.953562,0.00478688,0.00478688,-3.8803,-3.81874,-3.81227,-3.79546,-3.79067,-3.78888,-3.78321,-3.8803,-3.81874,-3.81227,-3.79546,-3.79067,-3.78888,-3.78321,0.940188,0.953629,0.953629,0.951613,0.951613,0.959005,0.958333,0.940188,0.953629,0.953629,0.951613,0.951613,0.959005,0.958333,6.10981,6.10981,0.856997,0.856997,0.915727,0.915727,0.0961323,0.0961323,0.107995,0.107995,-6.79511,-6.79511,7.42678,7.42678,0.973807,0.973807,0.0765617,0.0765617,0.0793735,0.0793735,6.10386,6.10386,0.864994,0.864994,0.902286,0.902286,0.0989968,0.0989968,0.110553,0.110553,-6.80825,-6.80825,7.40891,7.40891,0.972015,0.972015,0.0764793,0.0764793,0.079294,0.079294,6.05952,6.06213,6.06925,6.08368,6.10981,6.16055,6.16098,6.05952,6.06213,6.06925,6.08368,6.10981,6.16055,6.16098,0.802719,0.918415,0.902286,0.902286,0.915727,0.904681,0.904681,0.802719,0.918415,0.902286,0.902286,0.915727,0.904681,0.904681,-6.87838,-6.83352,-6.82068,-6.80628,-6.79511,-6.79164,-6.7896,-6.87838,-6.83352,-6.82068,-6.80628,-6.79511,-6.79164,-6.7896,0.958524,0.972015,0.968406,0.962134,0.973807,0.974703,0.974703,0.958524,0.972015,0.968406,0.962134,0.973807,0.974703,0.974703,7.32185,7.34368,7.40562,0.0215265,7.14019,7.31259,7.3268,7.34127,7.50108,7.58233,7.61151,7.32185,7.34368,7.40562,0.0215265,7.14019,7.31259,7.3268,7.34127,7.50108,7.58233,7.61151,11.2803,11.1418,11.2094,0.0183888,11.0205,11.1192,11.1328,11.1495,11.2905,11.3676,11.4024,11.1362,11.1418,11.2094,0.0183888,11.0205,11.1192,11.1328,11.1495,11.2905,11.3676,11.4024,8.4882,8.487,8.46168,0.0153763,8.35157,8.36947,8.37371,8.44684,8.50753,8.5799,8.64247,8.44303,8.487,8.46168,0.0153763,8.35157,8.36947,8.37371,8.44684,8.50753,8.5799,8.64247,11.9742,11.9733,12.041,0.0158389,11.8873,11.9105,11.9477,12.0823,12.1316,12.1404,12.1545,12.09,11.9733,12.041,0.0158389,11.8873,11.9105,11.9477,12.0823,12.1316,12.1404,12.1545,-9999,-9999
201908,16.268,1.0,12.989,1.875,1.0,17.905,2.713,1.0,17.153,15.572,1.13,17.945,1.753,16.268,1.0,12.989,1.875,1.0,17.905,2.713,1.0,364.73,193.551,1.0,194.365,193.551,1.0,-9999,-9999,337.416,337.416,0.0,368.738,1.0,346.776,368.738,1.0,4.429,1.0,5.499,4.429,1.0,101.222,101.222,0.0,2.814,3.591,1.0,1.788,1.736,1.0,0.25453625243079386,0.9919354838709677,81.848561827957,1.0,372.18869623655917,1.0,422.316,1.0,15.834,1.0,32.657,1.0,-9999,-9999,50.4552,-9999,-9999,0.468219,7.74153,-9999,-9999,0.356719,-9999,-9999,16.129,31.871,16.129,31.871,-1.34705,-1.34705,0.954301,0.954301,0.0754694,0.0754694,0.114322,0.114322,-1.36123,-1.36123,0.954301,0.954301,0.0756716,0.0756716,0.114455,0.114455,-1.3823,-1.3823,0.948958,0.948958,0.011867,0.011867,-1.53145,-1.48665,-1.41993,-1.36123,-1.32181,-1.31491,-1.30956,-1.53145,-1.48665,-1.41993,-1.36123,-1.32181,-1.31491,-1.30956,0.93078,0.936156,0.945565,0.954301,0.954301,0.954973,0.954973,0.93078,0.936156,0.945565,0.954301,0.954301,0.954973,0.954973,6.34043,6.34043,0.943013,0.943013,0.908376,0.908376,0.073577,0.073577,0.151543,0.151543,-5.11802,-5.11802,7.05851,7.05851,0.978383,0.978383,0.103007,0.103007,0.114084,0.114084,6.31348,6.31348,0.918825,0.918825,0.908376,0.908376,0.0743456,0.0743456,0.151918,0.151918,-5.12329,-5.12329,7.06189,7.06189,0.978383,0.978383,0.103178,0.103178,0.114238,0.114238,6.03626,6.10235,6.21159,6.31348,6.36732,6.36732,6.37288,6.03626,6.10235,6.21159,6.31348,6.36732,6.36732,6.37288,0.870675,0.842099,0.89139,0.908376,0.904343,0.904343,0.904343,0.870675,0.842099,0.89139,0.908376,0.904343,0.904343,0.904343,-5.20195,-5.18275,-5.15518,-5.12329,-5.09539,-5.08468,-5.08175,-5.20195,-5.18275,-5.15518,-5.12329,-5.09539,-5.08468,-5.08175,0.974175,0.969251,0.974308,0.978383,0.980533,0.981541,0.981541,0.974175,0.969251,0.974308,0.978383,0.980533,0.981541,0.981541,7.31483,7.31645,7.34252,0.0200119,7.08835,7.22057,7.25185,7.36382,7.46088,7.4978,7.49836,7.31483,7.31645,7.34252,0.0200119,7.08835,7.22057,7.25185,7.36382,7.46088,7.4978,7.49836,8.81271,8.67768,8.72482,0.0106374,8.62156,8.6423,8.66916,8.72843,8.78269,8.81068,8.81316,8.68048,8.67768,8.72482,0.0106374,8.62156,8.6423,8.66916,8.72843,8.78269,8.81068,8.81316,8.06473,8.0379,7.97241,0.0393306,7.39932,7.56852,7.90408,8.03611,8.11503,8.21648,8.24821,7.98459,8.0379,7.97241,0.0393306,7.39932,7.56852,7.90408,8.03611,8.11503,8.21648,8.24821,9.32823,9.32092,9.35447,0.0265388,9.03496,9.17175,9.2898,9.33512,9.49065,9.57777,9.59231,9.34892,9.32092,9.35447,0.0265388,9.03496,9.17175,9.2898,9.33512,9.49065,9.57777,9.59231,-9999,-9999
201909,11.203,1.0,8.997,1.878,1.0,13.025,2.074,1.0,12.076,11.065,1.172,12.911,1.398,11.203,1.0,8.997,1.878,1.0,13.025,2.074,1.0,247.95,102.121,1.0,110.29,102.121,1.0,-9999,-9999,318.538,318.538,0.0,339.578,1.0,326.129,339.578,1.0,2.673,1.0,3.678,2.673,1.0,100.947,100.947,0.0,3.029,2.716,0.786111,1.894,1.497,1.0,0.23123064210093533,0.9979166666666667,31.34665972222222,1.0,196.36093749999998,1.0,419.78,1.0,11.323,1.0,39.523,1.0,-9999,-9999,26.5804,-9999,-9999,0.355185,-9.56815,-9999,-9999,0.34086,-9999,-9999,21.5667,26.4333,21.5333,26.4333,-1.11595,-1.11595,0.878472,0.878472,0.0449339,0.0449339,0.047093,0.047093,-1.09585,-1.09585,0.870139,0.870139,0.0446315,0.0446315,0.0468045,0.0468045,-1.11148,-1.11148,0.876441,0.876441,0.00458313,0.00458313,-1.15689,-1.12355,-1.11386,-1.10802,-1.0979,-1.09536,-1.0903,-1.15689,-1.12355,-1.11386,-1.10802,-1.0979,-1.09536,-1.0903,0.870139,0.871528,0.878472,0.883333,0.888194,0.881944,0.885417,0.870139,0.871528,0.878472,0.883333,0.888194,0.881944,0.885417,4.15267,4.15267,0.691177,0.691177,0.784796,0.784796,0.0420229,0.0420229,0.0523661,0.0523661,-5.34852,-5.34852,5.81302,5.81302,0.953153,0.953153,0.0707249,0.0707249,0.0714251,0.0714251,4.16412,4.16412,0.696969,0.696969,0.781462,0.781462,0.0412471,0.0412471,0.0517456,0.0517456,-5.32384,-5.32384,5.83313,5.83313,0.940291,0.940291,0.0704418,0.0704418,0.0711448,0.0711448,4.05836,4.12332,4.14042,4.161,4.17252,4.18582,4.20313,4.05836,4.12332,4.14042,4.161,4.17252,4.18582,4.20313,0.784493,0.778498,0.781462,0.781462,0.784796,0.802582,0.802582,0.784493,0.778498,0.781462,0.781462,0.784796,0.802582,0.802582,-5.39219,-5.34937,-5.34811,-5.33469,-5.33158,-5.32941,-5.32384,-5.39219,-5.34937,-5.34811,-5.33469,-5.33158,-5.32941,-5.32384,0.942819,0.954383,0.953153,0.942962,0.941573,0.940291,0.940291,0.942819,0.954383,0.953153,0.942962,0.941573,0.940291,0.940291,4.75697,4.75613,4.72506,0.0114546,4.55051,4.65691,4.71075,4.74842,4.77343,4.77592,4.78679,4.75697,4.75613,4.72506,0.0114546,4.55051,4.65691,4.71075,4.74842,4.77343,4.77592,4.78679,5.85656,5.85198,5.83654,0.00792149,5.70617,5.78045,5.82301,5.85626,5.86609,5.87091,5.88361,5.85626,5.85198,5.83654,0.00792149,5.70617,5.78045,5.82301,5.85626,5.86609,5.87091,5.88361,4.95263,5.00446,4.79697,0.0294362,4.52127,4.62334,4.69586,4.76316,4.85127,4.99417,5.0179,4.62183,5.00446,4.79697,0.0294362,4.52127,4.62334,4.69586,4.76316,4.85127,4.99417,5.0179,6.30571,6.3245,6.13748,0.0241799,5.82093,6.05519,6.0634,6.15119,6.22638,6.29707,6.33609,6.16189,6.3245,6.13748,0.0241799,5.82093,6.05519,6.0634,6.15119,6.22638,6.29707,6.33609,-9999,-9999
201910,5.613,1.0,4.815,1.613,1.0,6.623,1.384,1.0,5.892,5.559,1.198,6.307,1.02,5.613,1.0,4.815,1.613,1.0,6.623,1.384,1.0,135.322,44.681,1.0,48.098,44.681,1.0,-9999,-9999,301.301,301.301,0.0,302.468,1.0,307.279,302.468,1.0,1.532,1.0,1.671,1.532,1.0,100.666,100.666,0.0,2.628,2.289,0.997984,1.878,1.635,0.997984,0.22926573479562265,0.9966397849462365,1.9168086917562723,0.9979838709677419,85.34577553763442,0.9979838709677419,416.902,1.0,6.537,1.0,45.006,1.0,-9999,-9999,7.87989,-9999,-9999,0.193753,-12.287,-9999,-9999,0.3689,-9999,-9999,27.129,20.871,27.129,20.871,0.0569874,0.0569874,0.981183,0.981183,0.0288917,0.0288917,0.0659517,0.0659517,0.0439924,0.0439924,0.981855,0.981855,0.0287084,0.0287084,0.0658716,0.0658716,0.0504598,0.0504598,0.978192,0.978192,0.00796031,0.00796031,-0.0334519,8.21987e-06,0.0172275,0.0476053,0.0680896,0.118581,0.127106,-0.0334519,8.21987e-06,0.0172275,0.0476053,0.0680896,0.118581,0.127106,0.971774,0.979167,0.981183,0.981855,0.974462,0.97379,0.97379,0.971774,0.979167,0.981183,0.981855,0.974462,0.97379,0.97379,2.3143,2.3143,0.368792,0.368792,0.973716,0.973716,0.0247263,0.0247263,0.0869827,0.0869827,-2.77976,-2.77976,3.37147,3.37147,0.991063,0.991063,0.05538,0.05538,0.063109,0.063109,2.30165,2.30165,0.354248,0.354248,0.97491,0.97491,0.0243914,0.0243914,0.0868881,0.0868881,-2.79234,-2.79234,3.38479,3.38479,0.990901,0.990901,0.0551623,0.0551623,0.0629181,0.0629181,2.20803,2.22991,2.26647,2.30252,2.32149,2.3967,2.40901,2.20803,2.22991,2.26647,2.30252,2.32149,2.3967,2.40901,0.959255,0.973716,0.973716,0.97491,0.962963,0.962963,0.962963,0.959255,0.973716,0.973716,0.97491,0.962963,0.962963,0.962963,-2.82373,-2.80583,-2.79991,-2.78435,-2.76388,-2.7453,-2.74366,-2.82373,-2.80583,-2.79991,-2.78435,-2.76388,-2.7453,-2.74366,0.981536,0.990901,0.990901,0.982939,0.989527,0.987991,0.987991,0.981536,0.990901,0.990901,0.982939,0.989527,0.987991,0.987991,2.43524,2.43151,2.42844,0.00851459,2.34531,2.35021,2.37099,2.43116,2.47447,2.49018,2.50705,2.43524,2.43151,2.42844,0.00851459,2.34531,2.35021,2.37099,2.43116,2.47447,2.49018,2.50705,2.37041,2.38752,2.37798,0.00658316,2.34502,2.35093,2.363,2.37666,2.38179,2.38466,2.3876,2.38478,2.38752,2.37798,0.00658316,2.34502,2.35093,2.363,2.37666,2.38179,2.38466,2.3876,2.59803,2.57733,2.58026,0.0147951,2.41857,2.48847,2.51181,2.57097,2.66616,2.67335,2.70077,2.69263,2.57733,2.58026,0.0147951,2.41857,2.48847,2.51181,2.57097,2.66616,2.67335,2.70077,2.80072,2.79606,2.77646,0.00693462,2.7234,2.728,2.72948,2.77256,2.82225,2.82571,2.83014,2.77256,2.79606,2.77646,0.00693462,2.7234,2.728,2.72948,2.77256,2.82225,2.82571,2.83014,-9999,-9999
201911,2.657,1.0,2.408,1.37,1.0,3.128,0.954,1.0,2.74,2.599,1.039,3.017,0.556,2.657,1.0,2.408,1.37,1.0,3.128,0.954,1.0,56.4976,12.751,1.0,13.848,12.751,1.0,-9999,-9999,301.541,301.541,0.0,280.04,1.0,307.54,280.04,1.0,1.502,1.0,1.185,1.502,1.0,100.988,100.988,0.0,3.047,3.892,1.0,2.077,1.889,0.997917,0.23900026951691553,0.9576388888888888,-9.085548611111111,1.0,24.48054861111111,1.0,420.852,1.0,3.07,1.0,46.438,1.0,-9999,-9999,0.704916,-9999,-9999,0.0826837,-19.7926,-9999,-9999,0.312714,-9999,-9999,32.6,15.4,32.6,15.4,0.91132,0.91132,0.991667,0.991667,0.0142583,0.0142583,0.0194525,0.0194525,0.910739,0.910739,0.992361,0.992361,0.014016,0.014016,0.0192755,0.0192755,0.929339,0.929339,0.991354,0.991354,0.00250067,0.00250067,0.908512,0.910631,0.914631,0.928923,0.93403,0.937096,0.947231,0.908512,0.910631,0.914631,0.928923,0.93403,0.937096,0.947231,0.991667,0.992361,0.992361,0.997917,0.99375,0.9875,0.997917,0.991667,0.992361,0.992361,0.997917,0.99375,0.9875,0.997917,1.22125,1.22125,0.189447,0.189447,0.998038,0.998038,0.0132182,0.0132182,0.0201875,0.0201875,0.20726,0.20726,0.84237,0.84237,0.97844,0.97844,0.0324208,0.0324208,0.0418453,0.0418453,1.21733,1.21733,0.182546,0.182546,0.998038,0.998038,0.0124965,0.0124965,0.0197225,0.0197225,0.212652,0.212652,0.83508,0.83508,0.980662,0.980662,0.0327483,0.0327483,0.0420996,0.0420996,1.20898,1.21347,1.21653,1.22864,1.23484,1.24398,1.2471,1.20898,1.21347,1.21653,1.22864,1.23484,1.24398,1.2471,0.99798,0.998038,0.99798,0.991919,1.0,0.998038,0.998038,0.99798,0.998038,0.99798,0.991919,1.0,0.998038,0.998038,0.205341,0.214156,0.216266,0.236803,0.26058,0.267068,0.290089,0.205341,0.214156,0.216266,0.236803,0.26058,0.267068,0.290089,0.97844,0.980662,0.9804,0.9804,0.995817,0.967509,0.966152,0.97844,0.980662,0.9804,0.9804,0.995817,0.967509,0.966152,1.31804,1.27542,1.2858,0.00372439,1.25687,1.26095,1.26992,1.27591,1.31022,1.31633,1.31844,1.31804,1.27542,1.2858,0.00372439,1.25687,1.26095,1.26992,1.27591,1.31022,1.31633,1.31844,0.326654,0.364683,0.356464,0.00327411,0.322551,0.327176,0.344941,0.358348,0.366058,0.384296,0.388288,0.384828,0.364683,0.356464,0.00327411,0.322551,0.327176,0.344941,0.358348,0.366058,0.384296,0.388288,1.30341,1.3005,1.31438,0.0238474,1.12879,1.13065,1.14886,1.30341,1.46509,1.48872,1.49223,1.44542,1.3005,1.31438,0.0238474,1.12879,1.13065,1.14886,1.30341,1.46509,1.48872,1.49223,0.578675,0.578249,0.589174,0.0101294,0.496536,0.500099,0.519843,0.59208,0.64634,0.65494,0.655671,0.535765,0.578249,0.589174,0.0101294,0.496536,0.500099,0.519843,0.59208,0.64634,0.65494,0.655671,-9999,-9999
201912,2.231,1.0,2.054,1.319,1.0,2.735,0.521,1.0,2.054,2.007,0.902,2.185,0.314,2.231,1.0,2.054,1.319,1.0,2.735,0.521,1.0,25.7743,6.148,1.0,6.376,6.148,1.0,-9999,-9999,294.736,294.736,0.0,274.494,1.0,300.099,274.494,1.0,1.547,1.0,1.112,1.547,1.0,100.139,100.139,0.0,2.886,3.244,1.0,2.401,2.062,0.998656,0.26000496031985554,0.9778225806451613,-17.92057123655914,1.0,11.78326612903226,1.0,420.944,1.0,1.877,1.0,47.033,1.0,-9999,-9999,0.135867,-9999,-9999,0.11718,-22.3444,-9999,-9999,0.379397,-9999,-9999,35.7419,12.2581,35.7419,12.2581,0.989374,0.989365,1.0,1.0,0.0104239,0.010431,0.016747,0.0167376,0.97994,0.980125,0.998656,0.998656,0.00993505,0.00994271,0.0164471,0.0164377,0.984416,0.984453,0.998101,0.998101,0.0019056,0.00190199,0.969329,0.972958,0.976062,0.980281,0.991197,0.999172,1.00277,0.969329,0.972993,0.976062,0.980291,0.991188,0.999172,1.00277,0.998656,0.994624,0.998656,0.998656,1.0,0.999328,0.997984,0.998656,0.994624,0.998656,0.998656,1.0,0.999328,0.997984,1.03811,1.0381,0.198175,0.198174,1.0,1.0,0.0110484,0.0110535,0.0226564,0.0226295,0.714697,0.714666,0.343346,0.343302,1.0,1.0,0.0225691,0.0225945,0.0234248,0.0234207,1.02663,1.02679,0.1876,0.187572,1.0,1.0,0.0103923,0.0104017,0.0223437,0.0223183,0.712323,0.712561,0.341769,0.341952,0.994624,0.994624,0.0220738,0.0220854,0.0229479,0.0229299,1.0084,1.01052,1.01892,1.02674,1.04009,1.05008,1.05528,1.0084,1.01059,1.0189,1.02689,1.04009,1.05008,1.05528,1.0,0.99552,1.0,1.0,0.997312,0.999104,0.997312,1.0,0.99552,1.0,1.0,0.997312,0.999104,0.997312,0.710977,0.71254,0.714004,0.718468,0.722439,0.725087,0.728345,0.711126,0.712778,0.713998,0.718462,0.722439,0.725109,0.728345,0.994624,0.994624,1.0,1.0,1.0,0.994624,0.991935,0.994624,0.994624,1.0,1.0,1.0,0.994624,0.991935,1.0178,1.02183,1.01693,0.00251935,0.98866,0.991989,1.00193,1.0211,1.02692,1.03252,1.03687,1.0211,1.02183,1.01693,0.00251935,0.98866,0.991989,1.00193,1.0211,1.02692,1.03252,1.03687,0.0254213,0.0417015,0.0324806,0.00158913,0.0119433,0.0185632,0.0254213,0.0368815,0.0413983,0.0418421,0.0428464,0.0409444,0.0418866,0.0325179,0.00159207,0.0119536,0.0185632,0.0254664,0.0368641,0.0414352,0.0418774,0.0430003,1.0275,1.02582,1.03564,0.00441852,0.978069,1.00683,1.02598,1.03425,1.05289,1.05989,1.06829,1.05421,1.02582,1.03564,0.00441852,0.978069,1.00683,1.02598,1.03425,1.05289,1.05989,1.06829,0.142753,0.142063,0.153162,0.00136881,0.141233,0.142508,0.143795,0.15295,0.161806,0.162486,0.167208,0.142966,0.142063,0.153162,0.00136881,0.141233,0.142508,0.143795,0.15295,0.161806,0.162486,0.167208,-9999,-9999
202001,2.847,1.0,2.624,1.286,1.0,3.407,0.661,1.0,2.429,2.355,0.86,2.612,0.396,2.847,1.0,2.624,1.286,1.0,3.407,0.661,1.0,39.1665,9.841,1.0,11.613,9.841,1.0,-9999,-9999,279.031,279.031,0.0,271.906,1.0,282.922,271.906,1.0,1.897,1.0,1.409,1.897,1.0,100.455,100.455,0.0,1.941,1.884,1.0,2.654,2.39,0.991263,0.28280766257046375,0.9684139784946236,-25.292248341340656,0.9993279569892473,18.888454301075267,1.0,420.265,1.0,1.156,1.0,46.263,1.0,-9999,-9999,2.67109,-9999,-9999,0.172163,-35.6365,-9999,-9999,0.441134,-9999,-9999,34.3226,13.6774,34.3226,13.6774,0.946839,0.947193,0.959005,0.959005,0.0115627,0.0116406,0.013494,0.0135552,0.948358,0.953045,0.956989,0.959677,0.0113181,0.011461,0.013285,0.0134013,0.954027,0.955309,0.956771,0.957392,0.00189374,0.00246423,0.946308,0.946648,0.947181,0.950062,0.953326,0.960561,0.970561,0.945986,0.946662,0.947151,0.948741,0.96006,0.960553,0.978312,0.956317,0.954973,0.959005,0.959005,0.959005,0.959005,0.955645,0.959677,0.959005,0.959005,0.954973,0.959005,0.959005,0.954301,1.08394,1.08575,0.259136,0.26489,0.943248,0.943248,0.0127882,0.0128792,0.0145749,0.0162887,0.483408,0.480323,0.464768,0.467828,0.997849,0.997849,0.0223436,0.0224765,0.0255905,0.0258028,1.08268,1.08814,0.249244,0.25806,0.940427,0.94417,0.0125215,0.0127082,0.0143416,0.0161538,0.490783,0.493297,0.462551,0.460144,0.997849,0.997849,0.0218567,0.0220294,0.0251665,0.0254143,1.08052,1.0824,1.08317,1.08573,1.09113,1.09638,1.10499,1.082,1.08268,1.08371,1.08575,1.09379,1.10263,1.10419,0.940427,0.940427,0.943248,0.943248,0.936741,0.940427,0.943304,0.940427,0.943248,0.942271,0.943248,0.936741,0.943304,0.937606,0.478577,0.479989,0.482514,0.490655,0.493613,0.50494,0.52709,0.478577,0.479595,0.480309,0.485361,0.493613,0.50494,0.540543,0.997849,0.997849,0.997849,0.997849,0.997849,0.995368,0.995368,0.997849,0.997849,0.997849,0.997849,0.997849,0.995368,0.995368,1.06243,1.06522,1.06284,0.00178743,1.05239,1.05366,1.05847,1.06072,1.06394,1.06694,1.07023,1.05988,1.04871,1.06142,0.00132311,1.05239,1.05325,1.05637,1.06035,1.06394,1.06719,1.06849,0.102508,0.112176,0.107532,0.00142424,0.0880436,0.100218,0.102804,0.10672,0.11295,0.115031,0.119018,0.113006,0.100357,0.107393,0.00125735,0.0909054,0.0981002,0.102008,0.108797,0.112415,0.113166,0.118942,1.07332,1.1077,1.10403,0.00629509,1.07295,1.07407,1.0771,1.0791,1.12815,1.13567,1.17564,1.13607,1.0956,1.10954,0.00582814,1.0731,1.07571,1.07839,1.09576,1.13482,1.13753,1.17564,0.223305,0.231608,0.239645,0.00332802,0.223304,0.223459,0.225225,0.226202,0.259853,0.262539,0.275653,0.229035,0.231264,0.242378,0.003248,0.223241,0.225023,0.225318,0.229105,0.261322,0.262539,0.272087,-9999,-9999
202002,1.156,1.0,0.525,1.491,1.0,2.074,1.19,1.0,0.594,0.323,1.083,0.976,0.826,1.156,1.0,0.525,1.491,1.0,2.074,1.19,1.0,99.2387,37.802,1.0,41.148,37.802,1.0,-9999,-9999,263.64,263.64,0.0,255.878,1.0,266.091,255.878,1.0,1.999,1.0,1.495,1.999,1.0,99.475,99.475,0.0,2.583,3.431,1.0,2.608,2.781,0.966954,0.2941800835189154,0.9604885057471265,-8.21998563218391,0.9985632183908045,72.67011494252873,1.0,420.668,1.0,0.829,1.0,40.17,1.0,-9999,-9999,4.22678,-9999,-9999,0.147728,-20.9654,-9999,-9999,0.369475,-9999,-9999,29.2759,18.7241,29.2759,18.7241,0.624015,0.619668,0.962644,0.962644,0.00964929,0.00979502,0.0282717,0.0251608,0.667245,0.623973,0.962644,0.962644,0.00952355,0.00965544,0.028229,0.0251068,0.645762,0.640423,0.959573,0.95986,0.00365225,0.0034716,0.613719,0.621962,0.624858,0.645726,0.665324,0.67511,0.680658,0.613696,0.620893,0.623811,0.630009,0.651707,0.667245,0.679442,0.962644,0.962644,0.962644,0.968391,0.943247,0.956897,0.960489,0.962644,0.962644,0.943966,0.950431,0.946121,0.962644,0.956897,0.99856,0.983977,0.371327,0.385594,0.950984,0.950984,0.0110838,0.0112032,0.0496998,0.0460425,0.00302836,0.0159843,0.67965,0.673602,0.981073,0.981073,0.016367,0.0166933,0.0301201,0.0323942,1.06225,0.998544,0.306844,0.371256,0.950984,0.950984,0.011012,0.0110926,0.0496838,0.0460157,0.011745,0.00297741,0.674253,0.679562,0.981073,0.981073,0.0160326,0.0163746,0.0299397,0.0322311,0.983977,0.991601,0.998544,1.02259,1.06937,1.0885,1.09708,0.978744,0.984717,0.991628,1.00273,1.06259,1.07403,1.09001,0.950984,0.953362,0.950984,0.95693,0.936011,0.942132,0.949795,0.950984,0.950984,0.949795,0.953362,0.950984,0.945964,0.930638,-0.0393409,-0.033874,-0.00355484,0.00310697,0.0124581,0.0166964,0.0216274,-0.0798853,-0.03491,-0.00335203,0.00474593,0.0165304,0.0206137,0.0216274,0.959381,0.962838,0.981073,0.981073,0.981073,0.984703,0.984703,0.955924,0.962838,0.979431,0.981073,0.984703,0.981073,0.984703,0.95153,0.952272,0.949364,0.00168569,0.929894,0.934564,0.941128,0.95153,0.957038,0.959368,0.961167,0.949466,0.931926,0.947521,0.00169658,0.927776,0.932515,0.939215,0.949466,0.953653,0.959368,0.960659,0.327085,0.328299,0.308941,0.00394611,0.264684,0.278017,0.283128,0.31484,0.328086,0.333985,0.337194,0.285993,0.264681,0.301759,0.00414811,0.25888,0.27431,0.278187,0.30879,0.326914,0.331134,0.335666,0.849528,0.850121,0.919555,0.0101226,0.837374,0.839844,0.847768,0.938305,0.978483,0.981559,0.98835,0.867817,0.838954,0.904595,0.0103522,0.83738,0.838967,0.839934,0.867817,0.974411,0.980408,0.98835,0.463366,0.463475,0.468201,0.00373807,0.443258,0.447587,0.454001,0.462809,0.471554,0.491791,0.513935,0.462206,0.463601,0.46942,0.00321118,0.446269,0.45271,0.45645,0.463784,0.472949,0.491352,0.512441,-9999,-9999
202003,1.698,1.0,0.292,1.803,1.0,3.015,1.565,1.0,1.229,0.546,1.26,1.882,1.074,1.698,1.0,0.292,1.803,1.0,3.015,1.565,1.0,202.852,92.347,1.0,99.897,92.347,1.0,-9999,-9999,262.093,262.093,0.0,259.69,1.0,264.398,259.69,1.0,2.233,1.0,1.867,2.233,1.0,101.061,101.061,0.0,2.143,1.975,1.0,2.334,2.494,0.983871,0.2672908190966157,0.9643817204301076,14.174501979449534,0.9973118279569891,176.85736606387945,0.9973118279569891,425.049,0.997312,1.018,1.0,38.485,1.0,-9999,-9999,12.0827,-9999,-9999,0.26023,-6.88231,-9999,-9999,0.47538,-9999,-9999,23.871,24.129,23.871,24.129,0.511448,0.512632,0.983871,0.983871,0.00800019,0.0080418,0.00915779,0.00963899,0.511315,0.508987,0.983871,0.983871,0.00778368,0.0077999,0.00896927,0.00943811,0.509224,0.50997,0.978915,0.978965,0.000777682,0.000755961,0.502045,0.5039,0.504971,0.510298,0.512513,0.512814,0.515391,0.499591,0.5039,0.506119,0.511315,0.512681,0.514529,0.515397,0.976478,0.959677,0.978495,0.983871,0.983871,0.983871,0.983871,0.938172,0.959677,0.962366,0.983871,0.983871,0.983871,0.983871,1.04626,1.04616,0.136084,0.138405,0.981703,0.981703,0.00990635,0.00994497,0.012215,0.0130823,-0.0443296,-0.0414189,0.686737,0.682875,0.985424,0.985424,0.0117963,0.0118683,0.0121183,0.0121807,1.04729,1.04213,0.12164,0.124527,0.981703,0.981703,0.00950213,0.00944474,0.0118895,0.0127062,-0.045902,-0.0453432,0.692276,0.687036,0.985424,0.985424,0.0115876,0.0116733,0.0119153,0.0119908,1.02927,1.03305,1.0358,1.04345,1.04671,1.04734,1.05247,1.02457,1.03392,1.03911,1.04529,1.04696,1.05092,1.05288,0.967621,0.972557,0.972557,0.981703,0.981703,0.981703,0.981703,0.947733,0.938146,0.967621,0.981703,0.981703,0.981703,0.981703,-0.0494307,-0.0470066,-0.0459464,-0.0449348,-0.0422923,-0.0414566,-0.0408633,-0.04945,-0.0469009,-0.045902,-0.0442743,-0.0419137,-0.0414189,-0.0406214,0.985424,0.979722,0.982876,0.986714,0.987975,0.985424,0.985424,0.985424,0.977378,0.985424,0.985424,0.984183,0.985424,0.985424,1.00175,1.00315,1.00264,0.00183964,0.983023,0.986176,0.992773,1.00286,1.00889,1.01074,1.02171,1.00195,0.992053,0.999454,0.00189835,0.979451,0.984493,0.987724,1.00195,1.00584,1.00894,1.01964,0.503479,0.494163,0.492665,0.0014926,0.477139,0.480741,0.488261,0.492788,0.497855,0.503479,0.508231,0.490533,0.480738,0.49023,0.00143432,0.474266,0.479833,0.481161,0.490533,0.495556,0.499088,0.504767,0.961923,0.961923,0.97386,0.00368626,0.938227,0.9594,0.961143,0.965315,0.988444,0.99318,1.02477,1.02746,0.997114,0.978864,0.00417949,0.954024,0.959912,0.961923,0.971771,0.993382,1.00188,1.02746,0.639278,0.639278,0.648607,0.00187245,0.626457,0.633569,0.638801,0.652926,0.658179,0.658891,0.660621,0.65012,0.656756,0.65009,0.00179526,0.630248,0.634794,0.646472,0.652926,0.658179,0.659263,0.66064,-9999,-9999
202004,4.535,0.998611,2.196,1.72,1.0,5.931,2.413,0.997778,3.866,2.652,1.194,4.583,1.69,4.533,0.998611,2.196,1.72,1.0,5.928,2.416,0.997778,324.741,178.737,0.998611,196.709,178.853,0.998611,-9999,-9999,257.542,257.542,0.0,265.935,0.998611,259.421,265.855,0.998611,3.483,0.998611,3.193,3.484,0.998611,100.872,100.872,0.0,1.046,1.035,1.0,2.141,1.978,0.970833,0.2522550420383099,0.9430555555555558,58.39529041934686,0.9958333333333333,342.8524870801033,0.9965277777777779,425.419,0.997917,4.493,0.998611,39.31,0.998611,-9999,-9999,25.9725,-9999,-9999,0.320671,26.1205,-9999,-9999,0.529705,-9999,-9999,18.1667,29.8333,18.1667,29.8333,-0.249765,-0.240008,0.976389,0.978472,0.0175713,0.017647,0.0352126,0.0359691,-0.260182,-0.250258,0.976389,0.976389,0.0173419,0.0175287,0.0350987,0.0359112,-0.259768,-0.256435,0.974514,0.973889,0.00388426,0.00478505,-0.291927,-0.289259,-0.282373,-0.260984,-0.240129,-0.228228,-0.222666,-0.299986,-0.289518,-0.282373,-0.254717,-0.228524,-0.226832,-0.22274,0.973611,0.929167,0.975,0.976389,0.978472,0.978472,0.978472,0.972917,0.963889,0.975,0.976389,0.978472,0.978472,0.978472,1.75913,1.77649,0.312476,0.314535,0.958882,0.960965,0.0217771,0.0219292,0.0706844,0.0728091,-1.39263,-1.38757,1.75971,1.7675,0.986976,0.989059,0.0237982,0.0238809,0.0261959,0.0261498,1.73282,1.7581,0.298878,0.312746,0.958882,0.958882,0.0207478,0.0216011,0.0703741,0.072711,-1.393,-1.39268,1.76186,1.75959,0.986976,0.986976,0.0237346,0.023782,0.0261381,0.0260596,1.63002,1.65636,1.67246,1.73282,1.7763,1.79085,1.80382,1.63002,1.65622,1.67246,1.7479,1.78966,1.79507,1.80382,0.94625,0.9725,0.970899,0.958882,0.960965,0.960965,0.960965,0.94625,0.9725,0.970899,0.958882,0.960965,0.960965,0.960965,-1.40387,-1.39988,-1.39843,-1.39268,-1.381,-1.37798,-1.37739,-1.40462,-1.39886,-1.39673,-1.38763,-1.37871,-1.37755,-1.37625,0.975476,0.973393,0.982768,0.986976,0.989059,0.989059,0.967292,0.975476,0.985934,0.97756,0.989059,0.973393,0.989059,0.989059,2.08051,2.08737,2.07237,0.00867845,1.99683,2.00685,2.01748,2.09137,2.10934,2.12,2.12339,2.09137,2.09075,2.07083,0.00700233,2.00402,2.00906,2.01748,2.08737,2.10545,2.11813,2.12339,2.34401,2.33762,2.32881,0.00433778,2.28018,2.29534,2.30305,2.3376,2.34849,2.35093,2.35692,2.35692,2.35093,2.3306,0.00380726,2.28611,2.29159,2.307,2.33739,2.34861,2.3546,2.35767,1.82104,1.82104,1.8501,0.00981598,1.71901,1.7845,1.80199,1.85037,1.90732,1.9153,1.93816,1.79869,1.80199,1.83903,0.00874365,1.76997,1.78153,1.79869,1.81856,1.87304,1.91497,1.93816,2.26336,2.26336,2.30183,0.00614924,2.25507,2.26336,2.26491,2.29734,2.33751,2.34284,2.35901,2.26093,2.26491,2.3007,0.00719252,2.25515,2.2601,2.26383,2.28539,2.3363,2.33969,2.34963,-9999,-9999
202005,8.442,1.0,4.675,1.97,1.0,9.808,2.997,1.0,7.967,5.995,1.433,8.683,2.03,8.442,1.0,4.675,1.97,1.0,9.808,2.997,1.0,427.868,245.994,1.0,251.217,245.994,1.0,-9999,-9999,279.356,279.356,0.0,290.848,1.0,283.278,290.848,1.0,4.687,1.0,4.646,4.687,1.0,101.249,101.249,0.0,1.468,1.529,1.0,1.732,1.841,0.953629,0.24179641137975647,0.9193548387096774,102.2984553019904,0.9993279569892474,472.72999342255775,0.9993279569892474,426.508,0.995968,9.147,1.0,35.151,1.0,-9999,-9999,53.6969,-9999,-9999,0.432818,34.08,-9999,-9999,0.455451,-9999,-9999,13.129,34.871,13.129,34.871,-3.07727,-3.08791,0.96707,0.969758,0.0478934,0.0477872,0.0525957,0.0517841,-3.07776,-3.07738,0.96707,0.96707,0.04796,0.047877,0.0526564,0.0518669,-3.05374,-3.0545,0.965507,0.965289,0.0078752,0.00822798,-3.08894,-3.08068,-3.07732,-3.07085,-3.06194,-3.0372,-2.93463,-3.08894,-3.08354,-3.07791,-3.07139,-3.06658,-3.04364,-2.93463,0.96707,0.969758,0.955645,0.96707,0.97043,0.963038,0.966398,0.96707,0.971102,0.96707,0.969758,0.969758,0.955645,0.966398,3.80724,3.78934,0.659423,0.676121,0.941768,0.955593,0.0465729,0.046649,0.0548408,0.0638644,-5.42888,-5.4371,5.46397,5.46493,0.976646,0.975774,0.0610609,0.0609061,0.0674872,0.0682486,3.77869,3.80681,0.665332,0.659824,0.941768,0.941768,0.0478258,0.0464129,0.0559088,0.0636922,-5.42012,-5.42888,5.46621,5.46397,0.976646,0.976646,0.0610156,0.0610556,0.0674462,0.068382,3.6776,3.76786,3.77723,3.79889,3.81834,3.82578,3.84593,3.67499,3.75101,3.77371,3.79889,3.81834,3.83825,3.85093,0.908742,0.941768,0.941768,0.957897,0.955593,0.962505,0.955593,0.908742,0.934855,0.941768,0.957897,0.955593,0.955593,0.929409,-5.43768,-5.43178,-5.42911,-5.4198,-5.39149,-5.3743,-5.29533,-5.43789,-5.43244,-5.43111,-5.42793,-5.39314,-5.37085,-5.29705,0.976646,0.975774,0.975774,0.976646,0.975697,0.97472,0.974772,0.976646,0.976646,0.976646,0.975774,0.975697,0.973824,0.973824,5.01771,5.02141,5.00683,0.0106324,4.8768,4.93717,4.98498,5.00781,5.05158,5.07156,5.08531,5.03753,5.13389,5.021,0.00963045,4.88863,4.94893,4.98815,5.02424,5.06601,5.07632,5.09236,8.07439,8.09879,8.06133,0.0152512,7.81261,7.99419,8.05025,8.07439,8.10627,8.14158,8.14977,8.10734,8.21165,8.07474,0.0124598,7.94403,7.98882,8.05696,8.0873,8.11425,8.14166,8.15186,3.74635,3.74755,3.75795,0.00846186,3.67313,3.6984,3.71029,3.7575,3.80293,3.8141,3.82278,3.79963,3.7195,3.75769,0.00999336,3.67231,3.68479,3.71029,3.7575,3.80293,3.80938,3.86146,6.50024,6.50107,6.48071,0.00767821,6.38636,6.44742,6.45225,6.48309,6.51428,6.51507,6.52532,6.49506,6.48023,6.4826,0.00669968,6.38636,6.44712,6.45938,6.48087,6.51161,6.51575,6.53808,-9999,-9999
202006,17.62,1.0,11.764,1.708,1.0,19.168,4.079,1.0,17.68,14.853,1.415,18.428,2.621,17.62,1.0,11.764,1.708,1.0,19.168,4.079,1.0,477.455,288.968,1.0,279.311,288.968,1.0,-9999,-9999,325.916,325.916,0.0,354.275,1.0,334.198,354.275,1.0,8.965,1.0,9.331,8.965,1.0,101.408,101.408,0.0,1.607,0.923,1.0,1.442,1.512,0.779167,0.2250222544206717,0.6118055555555556,127.16735416666666,1.0,555.7015625,1.0,429.916,0.945833,16.443,1.0,25.513,1.0,-9999,-9999,67.4152,-9999,-9999,0.455133,33.4348,-9999,-9999,0.443545,-9999,-9999,10.0333,37.9667,10.0333,37.3,-0.678656,-0.638413,0.779167,0.785417,0.0659516,0.066179,0.0935364,0.0936284,-0.646104,-0.683979,0.777083,0.775694,0.0652762,0.0660145,0.0930614,0.0935122,-0.609065,-0.603239,0.776094,0.775729,0.00979988,0.0120146,-0.686722,-0.678656,-0.663918,-0.620475,-0.571394,-0.546,-0.529414,-0.724556,-0.678656,-0.670242,-0.609389,-0.572868,-0.546193,-0.484323,0.776389,0.779167,0.790972,0.779167,0.774306,0.775,0.726389,0.779167,0.779167,0.777083,0.790278,0.772917,0.775,0.727083,7.0721,7.26071,0.847835,0.75807,0.756667,0.756667,0.0866932,0.0878406,0.133583,0.13362,-2.69951,-2.69987,5.97433,5.9861,0.785088,0.792982,0.0771948,0.0773919,0.0980254,0.0967457,7.06714,7.05898,0.903381,0.894126,0.743333,0.74,0.087383,0.0868395,0.134032,0.132964,-2.65855,-2.70253,5.95566,5.97056,0.785965,0.785088,0.0762844,0.0772633,0.09731,0.0966429,7.05643,7.05898,7.0673,7.14579,7.26112,7.26224,7.56636,7.0145,7.06714,7.0721,7.17875,7.26224,7.26852,7.64293,0.74,0.74,0.743333,0.75,0.756667,0.756667,0.643333,0.756667,0.743333,0.756667,0.75,0.756667,0.76,0.623333,-2.73304,-2.70464,-2.69951,-2.64907,-2.61342,-2.58381,-2.54383,-2.73946,-2.70464,-2.69951,-2.64811,-2.61325,-2.58853,-2.54383,0.799123,0.786842,0.785088,0.795614,0.778947,0.777193,0.779825,0.789474,0.786842,0.785088,0.785965,0.754386,0.780702,0.779825,11.4649,11.4483,11.5125,0.0411436,11.1065,11.2485,11.3723,11.4483,11.7289,11.803,11.8883,11.5761,12.0412,11.5607,0.0383951,11.211,11.2485,11.3771,11.4649,11.7316,11.8444,11.8946,11.965,12.1323,12.1157,0.0416577,11.7028,11.8504,11.978,12.1398,12.3023,12.3732,12.4602,12.2136,12.6873,12.1697,0.037993,11.7028,11.8548,12.0301,12.1453,12.3102,12.4068,12.4822,6.5589,6.56402,6.44529,0.0323319,6.1145,6.18375,6.31588,6.5225,6.53069,6.5589,6.7118,6.43951,6.58748,6.42173,0.026839,6.1145,6.18375,6.32644,6.41782,6.5299,6.5589,6.5836,3.76788,3.77355,3.73844,0.117937,3.29042,3.44162,3.48627,3.57637,3.68741,3.7489,3.78516,3.70802,3.74834,3.64197,0.0892219,3.16179,3.42571,3.48627,3.55653,3.6874,3.74819,3.78068,-9999,-9999
202007,15.643,1.0,12.183,1.48,1.0,16.774,2.435,1.0,16.178,14.574,0.977,16.702,1.441,15.643,1.0,12.183,1.48,1.0,16.774,2.435,1.0,451.181,234.197,1.0,239.28,234.197,1.0,-9999,-9999,329.261,329.261,0.0,358.291,1.0,337.857,358.291,1.0,4.736,1.0,5.686,4.736,1.0,100.671,100.671,0.0,2.876,3.546,1.0,1.872,1.918,1.0,0.2477208659581768,0.8306451612903226,95.90764112903226,1.0,450.3688508064517,1.0,430.463,1.0,16.107,1.0,30.537,1.0,-9999,-9999,61.9746,-9999,-9999,0.51524,15.5317,-9999,-9999,0.401777,-9999,-9999,11.6129,36.3871,11.6129,36.3871,-0.852882,-0.847657,0.964382,0.965726,0.0527297,0.0525516,0.0538903,0.0535064,-0.849211,-0.850102,0.96371,0.964382,0.0528496,0.0528112,0.0540076,0.0537614,-0.84134,-0.843147,0.958317,0.958552,0.00335779,0.00459716,-0.861804,-0.852882,-0.849682,-0.847488,-0.842469,-0.830634,-0.782203,-0.861804,-0.852612,-0.849888,-0.848046,-0.84251,-0.832485,-0.78403,0.96371,0.964382,0.966398,0.965726,0.948925,0.96371,0.942204,0.96371,0.964382,0.948253,0.966398,0.96371,0.948253,0.938844,7.09553,7.09554,0.498902,0.498882,0.894156,0.894156,0.0714263,0.0710237,0.0893633,0.0890419,-3.42158,-3.41488,6.0006,6.01027,0.986591,0.988383,0.0630344,0.0628401,0.0636364,0.0634874,7.15502,7.09846,0.53624,0.498534,0.894156,0.894156,0.0714388,0.071508,0.0893733,0.0894286,-3.43677,-3.41908,6.01274,5.9983,0.985666,0.986591,0.063195,0.0631351,0.0637955,0.0637794,7.09553,7.09554,7.12658,7.14991,7.19724,7.20295,7.31667,7.09553,7.09554,7.11536,7.12816,7.17278,7.20295,7.31667,0.894156,0.894156,0.894156,0.894156,0.85833,0.894156,0.837593,0.894156,0.894156,0.894156,0.894156,0.894156,0.894156,0.837593,-3.44695,-3.43778,-3.43384,-3.42816,-3.4227,-3.42032,-3.40708,-3.44695,-3.43423,-3.43106,-3.42689,-3.42069,-3.41614,-3.41255,0.977751,0.985666,0.985666,0.989279,0.985666,0.986591,0.968762,0.977751,0.989279,0.976802,0.989279,0.976802,0.96594,0.988383,7.7602,7.76047,7.79785,0.011816,7.68006,7.75883,7.76276,7.77696,7.83836,7.84061,7.88494,7.77696,7.84466,7.79805,0.0110038,7.68006,7.74633,7.76047,7.77696,7.84021,7.85941,7.90072,8.63382,8.61057,8.641,0.0134823,8.53644,8.60455,8.61014,8.61902,8.65594,8.68862,8.70376,8.62326,8.69387,8.63939,0.010722,8.53644,8.59437,8.61014,8.62326,8.65606,8.68989,8.72612,7.16287,7.17124,7.04389,0.108809,5.47848,6.59347,6.72074,7.1772,7.60664,7.62119,7.71294,6.83404,7.1335,7.0244,0.0952335,5.5024,6.64578,6.72074,7.14087,7.31955,7.60664,7.64671,8.44872,8.43639,8.41688,0.0561131,7.5816,8.23562,8.30947,8.45836,8.672,8.67827,8.7508,8.46588,8.45364,8.41369,0.0468335,7.63757,8.2695,8.30251,8.4549,8.63028,8.672,8.72809,-9999,-9999
202008,16.528,1.0,12.35,2.003,1.0,18.658,3.292,1.0,17.451,15.401,1.26,18.495,2.084,16.528,1.0,12.35,2.003,1.0,18.658,3.292,1.0,361.177,211.907,1.0,202.137,211.907,1.0,-9999,-9999,334.86,334.86,0.0,357.063,1.0,343.98,357.063,1.0,5.689,1.0,6.67,5.689,1.0,101.151,101.151,0.0,1.196,0.619,1.0,1.509,1.566,0.999328,0.2102444042092237,0.7956989247311828,84.99079973118282,1.0,407.4915524193549,1.0,433.252,1.0,15.632,1.0,25.694,1.0,-9999,-9999,53.2426,-9999,-9999,0.477333,16.5328,-9999,-9999,0.357855,-9999,-9999,16.2581,31.7419,16.2581,31.7419,-1.40396,-1.41018,0.882392,0.886425,0.0459235,0.0459079,0.14146,0.158388,-1.30138,-1.39719,0.856855,0.87836,0.0456881,0.0461799,0.141384,0.158468,-1.29433,-1.30204,0.865709,0.869052,0.0239008,0.027273,-1.43429,-1.42617,-1.41018,-1.30481,-1.25967,-1.15857,-1.01326,-1.43527,-1.43314,-1.42514,-1.40396,-1.2859,-1.12996,-0.960753,0.887769,0.887769,0.886425,0.860887,0.850134,0.847446,0.839382,0.887769,0.887769,0.887769,0.882392,0.857527,0.847446,0.838038,5.65933,5.66573,0.496637,0.484103,0.778797,0.78777,0.0535634,0.05243,0.226788,0.264155,-4.876,-4.88832,5.60187,5.59546,0.933621,0.935704,0.0610386,0.0612713,0.102634,0.107489,5.92477,5.68807,0.511255,0.502823,0.715143,0.764837,0.0529243,0.0547042,0.226638,0.264616,-4.8635,-4.87861,5.61638,5.59748,0.928371,0.933713,0.0608092,0.0611838,0.102498,0.10744,5.62619,5.62914,5.65933,5.91511,5.94936,6.06988,6.26833,5.62619,5.62689,5.62914,5.67347,5.94936,6.14469,6.33918,0.791803,0.791803,0.778797,0.724538,0.718212,0.712625,0.711908,0.791803,0.791803,0.791803,0.840308,0.718212,0.712625,0.711908,-4.90437,-4.89186,-4.88832,-4.85949,-4.80561,-4.72684,-4.61937,-4.90667,-4.90261,-4.89169,-4.87601,-4.84934,-4.72598,-4.57869,0.935704,0.935704,0.935704,0.927422,0.919291,0.915049,0.903655,0.935704,0.935704,0.935704,0.933621,0.919291,0.915049,0.901631,5.77212,5.69412,5.87131,0.0331225,5.7016,5.70504,5.74221,5.74583,5.92593,6.00233,6.27751,5.90978,5.89532,5.87259,0.0292198,5.7016,5.70504,5.74225,5.87966,5.92283,5.9438,6.21066,7.17669,7.09131,7.17335,0.00822336,7.10201,7.10692,7.1488,7.17391,7.19568,7.21244,7.23826,7.19568,7.1967,7.16693,0.00934809,7.08483,7.1061,7.11496,7.17391,7.19657,7.20528,7.22391,5.4781,5.61308,5.44572,0.0506798,4.58162,5.27407,5.3489,5.37156,5.56417,5.79685,5.946,5.64027,5.94352,5.51682,0.0559626,4.98425,5.23564,5.3378,5.47849,5.79686,5.94055,5.97355,7.65412,7.61809,7.64254,0.0262305,7.32081,7.50651,7.58374,7.65475,7.73882,7.79215,7.88725,7.73882,7.70545,7.66049,0.0271163,7.37167,7.51083,7.58374,7.67101,7.75756,7.80302,7.88725,-9999,-9999
202009,13.122,1.0,11.176,1.905,1.0,14.712,2.197,1.0,13.709,12.784,1.089,14.478,1.334,13.122,1.0,11.176,1.905,1.0,14.712,2.197,1.0,244.012,109.82,1.0,110.088,109.82,1.0,-9999,-9999,325.485,325.485,0.0,349.88,1.0,333.727,349.88,1.0,3.179,1.0,3.599,3.179,1.0,101.04,101.04,0.0,2.091,2.264,1.0,2.161,1.807,1.0,0.24034611687121607,0.8097222222222221,24.815895833333336,1.0,211.16940277777775,1.0,427.982,1.0,12.201,1.0,33.059,1.0,-9999,-9999,25.808,-9999,-9999,0.338747,-6.30946,-9999,-9999,0.388117,-9999,-9999,21.8,26.2,21.8,26.2,0.815894,0.821903,0.936111,0.9375,0.0348123,0.0347925,0.0401174,0.0419332,0.806235,0.816721,0.934722,0.936111,0.0348819,0.0348307,0.0401778,0.0419649,0.81197,0.814357,0.934358,0.934323,0.00271536,0.00319661,0.78522,0.793831,0.797543,0.809489,0.821915,0.833706,0.841573,0.777554,0.793057,0.79755,0.814689,0.830432,0.839871,0.842408,0.931944,0.933333,0.934722,0.935417,0.9375,0.9375,0.938194,0.931944,0.93125,0.934722,0.936111,0.9375,0.938194,0.938194,4.30652,4.31865,0.48274,0.489804,0.891222,0.894556,0.0318509,0.0317518,0.0407838,0.0414541,-2.18323,-2.18253,3.86878,3.86842,0.967839,0.967839,0.0554522,0.0554528,0.0585622,0.059989,4.29255,4.30641,0.474071,0.482816,0.891222,0.891222,0.0318883,0.0318515,0.040813,0.0415305,-2.18866,-2.1817,3.87203,3.8677,0.965458,0.967839,0.0555735,0.0554879,0.058677,0.0600215,4.24756,4.26153,4.28145,4.29942,4.3111,4.31247,4.31377,4.23382,4.25948,4.28145,4.30505,4.31207,4.31278,4.31865,0.886889,0.886889,0.891222,0.886889,0.894556,0.889556,0.894556,0.886889,0.886889,0.891222,0.891222,0.894556,0.894556,0.894556,-2.19907,-2.19323,-2.19045,-2.18409,-2.16758,-2.15557,-2.14356,-2.19849,-2.19265,-2.18863,-2.18253,-2.15774,-2.14688,-2.14131,0.963077,0.96441,0.963077,0.967839,0.967839,0.967839,0.969029,0.963077,0.966648,0.96441,0.967839,0.967839,0.969029,0.969029,4.90934,4.90007,4.91076,0.00494798,4.85472,4.87864,4.88813,4.90766,4.93195,4.9421,4.96134,4.8912,4.88868,4.90311,0.00457725,4.84904,4.87597,4.88485,4.89919,4.92591,4.93351,4.95602,4.11663,4.08335,4.09641,0.00302091,4.05598,4.08089,4.08451,4.09365,4.10667,4.11611,4.12635,4.09366,4.08244,4.09114,0.00279574,4.05017,4.07885,4.08335,4.09127,4.10001,4.10564,4.11832,4.50187,4.50187,4.56397,0.0290001,4.29091,4.32082,4.40438,4.57656,4.62349,4.66403,4.90701,4.63612,4.39423,4.55691,0.0291046,4.28225,4.34974,4.39738,4.57494,4.62349,4.66187,4.90701,3.74048,3.74048,3.7579,0.0146793,3.59948,3.61734,3.67352,3.77803,3.80769,3.82071,3.88321,3.75193,3.66589,3.75158,0.0140495,3.59189,3.64069,3.67119,3.76835,3.80541,3.82071,3.88101,-9999,-9999
202010,8.794,1.0,8.054,1.585,1.0,9.733,1.351,1.0,9.028,8.589,1.121,9.58,0.932,8.794,1.0,8.054,1.585,1.0,9.733,1.351,1.0,132.063,44.712,1.0,47.695,44.712,1.0,-9999,-9999,315.691,315.691,0.0,325.158,1.0,323.016,325.158,1.0,1.773,1.0,2.227,1.773,1.0,100.899,100.899,0.0,3.073,3.385,1.0,2.163,2.044,1.0,0.23651098802435072,0.8333333333333333,-3.189818548387097,1.0,85.96066532258064,1.0,427.453,1.0,8.942,1.0,40.428,1.0,-9999,-9999,8.96476,-9999,-9999,0.160531,-12.902,-9999,-9999,0.238622,-9999,-9999,27.3226,20.6774,27.3226,20.6774,0.980232,0.985563,0.968414,0.969086,0.0242204,0.0239406,0.0457909,0.0531536,0.972968,0.979872,0.967742,0.968414,0.0242043,0.0241577,0.0457824,0.0532517,0.956757,0.958893,0.966583,0.966616,0.00557132,0.00590518,0.887527,0.909318,0.921848,0.973344,0.984484,0.98704,0.988883,0.882164,0.892573,0.922256,0.979872,0.986499,0.987487,0.988883,0.964382,0.965054,0.965054,0.967742,0.97043,0.97043,0.97043,0.910618,0.965054,0.965054,0.968414,0.97043,0.97043,0.97043,2.77531,2.77329,0.347285,0.350584,0.978065,0.978065,0.0186816,0.0187428,0.040894,0.0421097,-1.37402,-1.35947,2.89069,2.88064,0.957924,0.959327,0.0482304,0.0474842,0.0639262,0.0719652,2.76785,2.77133,0.351474,0.348497,0.978065,0.978065,0.0186901,0.0186047,0.0408978,0.0420484,-1.37997,-1.36985,2.91389,2.88659,0.956522,0.957924,0.0481841,0.0481249,0.0638913,0.0723895,2.69892,2.70279,2.704,2.76823,2.77329,2.77555,2.78153,2.69892,2.70281,2.70833,2.76992,2.77479,2.77823,2.78153,0.971708,0.972903,0.972903,0.978065,0.978065,0.978065,0.978065,0.971708,0.972903,0.971708,0.978065,0.978065,0.978065,0.978065,-1.48131,-1.44633,-1.41268,-1.37963,-1.36631,-1.36242,-1.35297,-1.51039,-1.46698,-1.41171,-1.37402,-1.36577,-1.35883,-1.35297,0.956522,0.956522,0.956522,0.956522,0.959327,0.956522,0.962132,0.956522,0.899415,0.956522,0.957924,0.962132,0.957924,0.962132,3.09715,3.09682,3.07571,0.00593883,3.00307,3.02103,3.05682,3.09132,3.09932,3.10711,3.12459,3.08573,3.05653,3.06978,0.00580937,3.00307,3.02103,3.03025,3.07765,3.09661,3.09932,3.11394,2.13639,2.11694,2.11682,0.00433297,2.07732,2.08285,2.10243,2.11694,2.1335,2.13715,2.14375,2.11508,2.08356,2.11302,0.00332513,2.07732,2.08285,2.10122,2.11508,2.12789,2.1335,2.14297,3.27554,3.27559,3.24243,0.00730713,3.18434,3.19347,3.19642,3.23884,3.27672,3.29003,3.30412,3.25526,3.27346,3.24486,0.00672703,3.18434,3.19554,3.19991,3.24212,3.27593,3.28692,3.30165,2.33557,2.33556,2.34184,0.00956438,2.28816,2.29006,2.29672,2.33353,2.3452,2.37074,2.47969,2.34457,2.34484,2.34065,0.00721223,2.28816,2.29244,2.29881,2.33374,2.34894,2.37117,2.41429,-9999,-9999
202011,5.555,1.0,5.279,1.643,1.0,6.109,0.979,1.0,5.704,5.616,1.085,5.894,0.529,5.555,1.0,5.279,1.643,1.0,6.109,0.979,1.0,54.7255,15.541,1.0,16.292,15.541,1.0,-9999,-9999,303.391,303.391,0.0,297.362,1.0,309.564,297.362,1.0,1.697,1.0,1.885,1.697,1.0,101.279,101.279,0.0,2.625,2.692,1.0,2.5,2.279,0.996528,0.25760668391617975,0.7173611111111111,-16.762186050724633,0.9965277777777779,29.834233796296296,0.9979166666666667,430.351,0.998611,5.396,1.0,45.155,1.0,-9999,-9999,5.80015,-9999,-9999,0.14663,-22.9549,-9999,-9999,0.323108,-9999,-9999,32.7333,15.2667,32.7333,15.2667,1.06033,1.06008,0.949306,0.949306,0.0168377,0.0167809,0.0256457,0.0263933,1.04077,1.06327,0.945833,0.950694,0.0169008,0.0168442,0.0256872,0.0264335,1.04335,1.04462,0.941545,0.941979,0.00310895,0.00317943,0.991038,1.02458,1.03079,1.04397,1.05818,1.06327,1.06626,1.00057,1.0215,1.03416,1.05331,1.06008,1.06224,1.06617,0.926389,0.928472,0.931944,0.944444,0.949306,0.950694,0.950694,0.925,0.925694,0.944444,0.949306,0.949306,0.948611,0.948611,1.62658,1.6245,0.266247,0.266859,0.935607,0.935607,0.0146123,0.0145746,0.0231732,0.0238817,-0.179205,-0.176189,1.46568,1.46577,0.97451,0.97451,0.0402608,0.0401056,0.0446173,0.044667,1.60318,1.6302,0.253104,0.26483,0.933333,0.937634,0.0145793,0.0146237,0.0231524,0.0239117,-0.189816,-0.177723,1.47356,1.46744,0.966817,0.97451,0.0405576,0.0402669,0.0448853,0.0448118,1.56547,1.59423,1.59772,1.61169,1.62406,1.6302,1.63805,1.56875,1.59226,1.60266,1.61898,1.6245,1.6301,1.63355,0.905376,0.909677,0.915054,0.933333,0.934654,0.937634,0.937634,0.905376,0.906452,0.933333,0.935607,0.935607,0.937634,0.935607,-0.246757,-0.217663,-0.208631,-0.189816,-0.182475,-0.179205,-0.177351,-0.24255,-0.217752,-0.205595,-0.186789,-0.179949,-0.178424,-0.176892,0.967501,0.960674,0.958713,0.966817,0.972549,0.97451,0.97451,0.962634,0.960674,0.962634,0.97451,0.97451,0.97451,0.97451,1.63426,1.6288,1.61919,0.00365812,1.55534,1.59958,1.6118,1.62404,1.63227,1.6368,1.64337,1.6138,1.58885,1.61684,0.0035615,1.55534,1.5997,1.60307,1.62292,1.63081,1.63426,1.63967,0.586304,0.56553,0.574576,0.0025757,0.543257,0.557545,0.565359,0.573026,0.586304,0.589512,0.601236,0.573026,0.548077,0.573485,0.00243228,0.547984,0.556742,0.563773,0.573026,0.581568,0.591291,0.601236,1.57902,1.57836,1.52187,0.00932302,1.4341,1.45195,1.456,1.50751,1.57872,1.59497,1.59761,1.45124,1.59764,1.52175,0.00996456,1.44136,1.45142,1.45554,1.50517,1.57902,1.59573,1.59775,0.818803,0.818664,0.827704,0.00663231,0.778217,0.782252,0.785764,0.819068,0.852036,0.864594,0.902252,0.826375,0.832534,0.832445,0.00575245,0.779086,0.783123,0.813628,0.832528,0.85264,0.864594,0.899592,-9999,-9999
202012,2.144,1.0,2.094,0.941,1.0,2.285,0.435,1.0,1.745,1.699,0.736,1.879,0.255,2.144,1.0,2.094,0.941,1.0,2.285,0.435,1.0,25.5205,3.488,1.0,4.277,3.488,1.0,-9999,-9999,305.518,305.518,0.0,277.971,1.0,311.89,277.971,1.0,1.638,1.0,1.094,1.638,1.0,101.194,101.194,0.0,2.578,2.605,1.0,2.365,2.276,0.99664,0.2703182985736158,0.6599462365591399,-12.231752030427819,0.9986559139784946,6.669018531228551,0.9993279569892473,430.599,1.0,2.371,1.0,46.915,1.0,-9999,-9999,2.32121,-9999,-9999,0.0464149,-18.826,-9999,-9999,0.143054,-9999,-9999,35.7742,12.2258,35.7742,12.2258,0.86232,0.861889,0.989919,0.989919,0.00730186,0.0072818,0.00923786,0.00900401,0.865147,0.861348,0.993952,0.989919,0.00730335,0.00730338,0.00923904,0.00902147,0.861091,0.86064,0.989684,0.98918,0.000946323,0.00072438,0.853539,0.854916,0.856826,0.861889,0.865147,0.866233,0.867719,0.85283,0.85461,0.856404,0.861746,0.864911,0.865202,0.867673,0.976478,0.988575,0.988575,0.989919,0.993952,0.993952,0.993952,0.976478,0.982527,0.983199,0.990591,0.993952,0.993952,0.993952,0.854764,0.856993,0.0963776,0.0961962,0.992832,0.992832,0.00795739,0.00792818,0.00903627,0.0090428,0.762603,0.75433,0.146586,0.171743,0.982217,0.982217,0.014867,0.0148598,0.0201167,0.022399,0.8574,0.853833,0.0954476,0.0965123,0.998208,0.992832,0.00796479,0.00795892,0.00904279,0.00906976,0.765515,0.761648,0.147982,0.146793,0.982217,0.982217,0.0148436,0.0148707,0.0200994,0.0224063,0.843241,0.84975,0.853833,0.856691,0.857678,0.858314,0.860056,0.841921,0.849615,0.853489,0.856081,0.857636,0.858314,0.860056,0.979391,0.998208,0.992832,0.998208,0.984767,0.992832,0.992832,0.979391,0.998208,0.992832,0.992832,0.998208,0.992832,0.992832,0.735364,0.743665,0.753407,0.762603,0.765753,0.770769,0.772398,0.735002,0.737248,0.744182,0.754864,0.765515,0.770769,0.772398,0.984698,0.979322,0.982217,0.982217,0.982217,0.982217,0.982217,0.979322,0.979322,0.984698,0.960711,0.982217,0.982217,0.982217,0.826874,0.825844,0.823618,0.00151525,0.805958,0.813256,0.815288,0.826918,0.828871,0.833144,0.836016,0.822473,0.805953,0.822237,0.00141003,0.80743,0.810884,0.814256,0.822473,0.828255,0.831244,0.835478,-0.0275327,-0.0355034,-0.0370225,0.00142388,-0.0543952,-0.0459324,-0.0437652,-0.0350219,-0.0322413,-0.0281978,-0.0268701,-0.0426744,-0.0591947,-0.0388538,0.00153653,-0.0543952,-0.0480306,-0.0455805,-0.0387458,-0.0338691,-0.0305811,-0.0268701,1.03853,1.0377,1.0309,0.009725,0.895447,0.952604,0.988743,1.03813,1.08051,1.09277,1.10112,0.988309,1.03016,1.0252,0.00865496,0.916402,0.956411,0.988742,1.03016,1.07115,1.09027,1.09527,0.243913,0.243953,0.247675,0.00179699,0.233129,0.236279,0.237851,0.243913,0.254553,0.254722,0.257431,0.242938,0.242988,0.245788,0.00177225,0.233129,0.235081,0.237817,0.242988,0.254507,0.254601,0.257262,-9999,-9999
